id;Nome_comune;Nome_scientifico;diametro;altezza;stato
1;Ippocastano;Aesculus  hippocastanum;68;1;
2;Ulivo;Olea europea;68;3;
3;Ginko;Ginko biloba;20;2;
4;Ginko;Ginko biloba;17;2;
5;Ginko;Ginko biloba;20;2;
6;Ginko;Ginko biloba;18;2;
7;Ippocastano;Aesculus Hippocastanum;100;1;
8;Cedro;Cedrus;74;1;
9;Ippocastano;Aesculus Hippocastanum;60;1;
10;Ulivo;Olea europea;57;1;
11;Cedro;Cedrus;125;1;
12;Abete;picea abies;25;2;
13;Thuja;Thuja;34;2;
14;Ligustro;Ligustrum vulgare;16 (6F);2;
15;Pino domestico;Pinus pinea;73;1;
16;Pino domestico;Pinus pinea;66;1;
17;Pino domestico;Pinus pinea;64;1;
18;Tasso;Taxus baccata;27;2;
21;/;/;14 (4F);3;
20;Thuja;Thuja;39;2;
23;Magnolia;Magnolia grandiflora;59;1;
22;Sequoia;Sequoia sempervirens;?;1;
24;Magnolia;Magnolia grandiflora;41 (2F);1;
25;Magnolia;Magnolia grandiflora;41 (2F);1;
26;Magnolia;Magnolia grandiflora;48;1;
27;Magnolia;Magnolia grandiflora;66;1;
28;Magnolia;Magnolia grandiflora;35;1;
29;Magnolia;Magnolia grandiflora;35 (2F);1;
30;Magnolia;Magnolia grandiflora;32;1;
31;Magnolia;Magnolia grandiflora;47;1;
33;Celtis occidentalis;Celtis occidentalis;23 (3F);1;
32;Magnolia;Magnolia grandiflora;33 (3F);1;
34;Gelso;Morus;18 (3F);?;
53;Betulla;Betula pendula;25;2;
19;Ginko;Ginko biloba;33;2;
48;Magnolia;Magnolia grandiflora;33;1;
49;Leccio;Quercus ilex;10;3;
50;Magnolia;Magnolia grandiflora;57;1;
51;Bagolaro;Celtis australis;15 (4F);3;
52;Ligustro;Ligustrum vulgare;26;2;
54;Thuja;Thuja;37;2;
55;Bagolaro;Celtis australis;51;1;
59;Farnia;Quercus robur;8;3;
58;Farnia;Quercus robur;19;2;
56;Carpino nero;Ostrya carpinifolia;26;2;
57;Carpino nero;Ostrya carpinifolia;32;2;
60;Noce nero;Juglans nigra;37;1;
62;Tiglio;Tilia cordata;10;2;
63;Tiglio;Tilia cordata;52;1;
64;Acero campestre;Acer campestre;19;1;
37;Cedro;Cedrus deodara;38;2;
38;Cedro;Cederus deodara;69;1;
39;Magnolia;Magnolia grandiflora;46;2;
40;Magnolia;Magnolia grandiflora;33;1;
41;Magnolia;Magnolia grandiflora;44;1;
42;Magnolia;Magnolia grandiflora;40 (3F);1;
43;Magnolia;Magnolia grandiflora;46;1;
44;Magnolia;Magnolia grandiflora;36;1;
45;Magnolia;Magnolia grandiflora;36;1;
46;Magnolia;Magnolia grandiflora;31;2;
47;Magnolia;Magnolia grandiflora;55;?;
132;Celtis australis;Celtis australis;6;3;
137;Olmo;Ulmus minor;20;1;
136;Bagolaro;Celtis australis;35 (2F);1;
129;Tamerice;Tamarix;8 (5F);3;
130;Ligustro;Ligustrum vulgare;7 (9F);3;
131;Farnia;Quercus robur;15 (2F);2;
133;prunus;prunus;9;3;
134;Carpino bianco;Carpinus betulus;6;3;
135;Ligustro;Ligustrum vulgare;8 (6F);3;
128;Olmo;Ulmus minor;15;2;
127;Tiglio;Tilia cordata;12;3;
126;Olmo;Ulmus minor;8;3;
125;Carpino bianco;Carpinus betulus;6 (2F);3;
124;Carpino bianco;Carpinus betulus;6 (2F);3;
123;/;/;9;3;
105;Tiglio;Tilia cordata;11;3;
122;Farnia;Quercus robur;11;2;
119;Tiglio;Tilia cordata;44;1;
121;Celtis australis;Celtis australis;33;1;
120;Thuja;Thuja;18;1;
118;Acero campestre;Acer campestre;13;2;
117;Olmo;Ulmus minor;17;1;
116;Olmo;Ulmus minor;16 (2F);1;
115;Olmo;Ulmus minor;31;1;
113;Olmo;Ulmus minor;18;1;
114;Olmo;Ulmus minor;47;1;
112;Bagolaro;Celtis australis;6;3;
111;Olmo;Ulmus minor;15 (2F);1;
110;Olmo;Ulmus minor;14 (2F);1;
109;Olmo;Ulmus minor;29;1;
108;Bagolaro;Celtis australis;16;1;
107;Olmo;Ulmus minor;9;1;
106;Acero campestre;Acer campestre;12;2;
104;Acero campestre;Acer campestre;15;1;
103;Olmo;Ulmus minor;12;1;
102;Olmo;Ulmus minor;9;3;
101;Acero campestre;Acer campestre;17;1;
99;Olmo;Ulmus minor;4;3;
100;Olmo;Ulmus minor;7;2;
98;Olmo;Ulmus minor;10;3;
97;Acero campestre;Acer campestre;12 (2F);2;
96;Olmo;Ulmus minor;11 (2F);2;
95;Olmo;Ulmus minor;10;2;
94;Acero campestre;Acer campestre;6;3;
93;Acero campestre;Acer campestre;8;3;
92;Acero campestre;Acer campestre;12;3;
91;Olmo;Ulmus minor;21;2;
90;Acero campestre;Acer campestre;7;3;
89;Bagolaro;Celtis australis;12;2;
88;Bagolaro;Celtis australis;6 (2F);2;
85;Bagolaro;Celtis australis;6;2;
86;Acero campestre;Acer campestre;12;2;
87;Bagolaro;Celtis australis;7 (2F);2;
84;Bagolaro;Celtis australis;10 (2F);2;
82;Acero campestre;Acer campestre;6;2;
83;Bagolaro;Celtis australis;7;2;
81;Acero campestre;Acer campestre;7;3;
79;Olmo;Ulmus minor;47;1;
78;Acero campestre;Acer campestre;5;2;
77;Olmo;Ulmus minor;14;2;
76;Olmo;Ulmus minor;10;2;
75;Celtis australis;Celtis australis;5;3;
74;Acero campestre;Acer campestre;6;3;
73;Acero campestre;Acer campestre;10;3;
72;Acero campestre;Acer campestre;8;3;
71;Olmo;Ulmus minor;15;1;
70;Olmo;Ulmus minor;41;1;
69;Tiglio;Tilia cordata;30;1;
68;Olmo;Ulmus minor;8;2;
67;Olmo;Ulmus minor;30;2;
66;Olmo;Ulmus minor;7;3;
65;Olmo;Ulmus minor;15;3;
138;Tiglio;Tilia cordata;57 (2F);1;
139;Olmo;Ulmus minor;19;1;
140;Acero campestre;Acer campestre;31;1;
141;Tiglio;Tilia cordata;56;1;
151;Tiglio;Tilia cordata;22;2;
150;Bagolaro;Celtis australis;52;1;
149;Bagolaro;Celtis australis;50;1;
148;Farnia;Quercus robur;11 (2F);2;
147;Tiglio;Tilia cordata;13 (5F);2;
146;Tiglio;Tilia cordata;26;2;
145;Bagolaro;Celtis australis;6 (2F);3;
144;Tiglio;Tilia cordata;18;2;
142;Tiglio;Tilia cordata;9;3;
143;Tiglio;Tilia cordata;8;3;
179;Palma;Chamaerops;22;2;
180;Palma;Chamaerops;19;3;
181;Ginko;Ginko biloba;17;1;
182;Ginko;Ginko biloba;24;1;
183;Ginko;Ginko biloba;19;1;
185;Palma;Chamaerops;24;3;
176;Olmo;Ulmus minor;47;1;
175;Acero campestre;Acer campestre;32;2;
174;Olmo;Ulmus minor;8;3;
173;Olmo;Ulmus minor;11;2;
172;Palma;Chamaerops;17;3;
171;Palma;Chamaerops;18;3;
170;Palma;Chamaerops;15;3;
169;Gelso;Morus;14;3;
168;Gelso;Morus;25;2;
177;Palma;Chamaerops;23;3;
178;Palma;Chamaerops;21;3;
167;Leccio;Quercus ilex;25;1;
166;Leccio;Quercus ilex;10;2;
165;Olmo;Ulmus minor;10;2;
164;Leccio;Quercus ilex;19;2;
163;Leccio;Quercus ilex;53;1;
152;Farnia;Quercus robur;20;2;
153;/;/;20;1;
154;Farnia;Quercus robur;7;3;
155;bagolaro;Celtis australis;33;1;
156;bagolaro;Celtis australis;8;3;
162;Leccio;Quercus ilex;18;2;
161;Leccio;Quercus ilex;8;3;
160;bagolaro;Celtis australis;12;3;
159;bagolaro;Celtis australis;8;3;
158;bagolaro;Celtis australis;8;3;
157;bagolaro;Celtis australis;6;3;
361;Magnolia;Magnolia grandiflora;26;2;
362;Magnolia;Magnolia grandiflora;31;2;
360;Thuja;Thuja;19;2;
359;Cedro;Cedrus;58;1;
358;Cedro;Cedrus;74;1;
356;Thuja;Thuja;20;1;
357;Thuja;Thuja;18 (2F);1;
355;Ligustro;Ligustrum vulgare;18 (2F);1;
354;Bagolaro;Celtis australis;75;1;
353;Tiglio;Tilia cordata;44;1;
352;Tiglio;Tilia cordata;30;1;
351;Cedro;Cedrus;66;1;
350;Cedro;Cedrus;81;1;
349;Cipresso;Cupressus sempervirens;30;1;
331;Cedro;Cedrus deodara;128;1;
330;Pino domestico;Pinus pinea;86;1;
329;Tasso;Taxus baccata;34;2;
328;Tiglio;Tilia cordata;47;1;
327;Tiglio;Tilia cordata;67;1;
326;Olmo;Ulmus minor;44;1;
322;Salice;Genere Salix;32;2;Abbattimento
324;Olmo;Ulmus minor;33 (2F);1;
323;Salice;Genere Salix;16;2;
325;Olmo;Ulmus minor;6;3;
345;Ippocastano; Aesculus hippocastanum;51;1;
344;Tiglio;Tilia cordata;46;1;
343;/;/;50;1;
342;Olmo;Ulmus minor;50;1;
341;Bagolaro;Celtis australis;25;1;
340;Abete Rosso;Picea abies;58;1;Abbattimento
339;Carpino bianco;Carpinus betulus;15 (2F);2;
337;Faggio;Fagus sylvatica;6;3;
336;Carpino bianco;Carpinus betulus;38;1;
335;Carpino bianco;Carpinus betulus;10;2;
334;Tiglio;Tilia cordata;61;1;
338;Tiglio;Tilia cordata;60;1;
333;Faggio;Fagus sylvatica;117;1;Abbattimento
332;Faggio;Fagus sylvatica;81;1;Abbattimento
363;Alloro;Laurus nobilis;10 (8F);2;
364;Magnolia;Magnolia grandiflora;44;1;
365;Alloro;Laurus nobilis;13;2;
366;Loto americano;Diospyros virginiana;28;2;
186;Acero campestre;Acer campestre;15;1;
187;Olmo;Ulmus minor;19;1;
188;Tiglio;Tilia cordata;20;1;
189;Tiglio;Tilia cordata;15;1;
190;Acero campestre;Acer campestre;18;1;
191;Olmo;Ulmus minor;25;1;
192;Olmo;Ulmus minor;22;1;
193;Tiglio;Tilia cordata;28;1;
194;Tiglio;Tilia cordata;10;2;
195;Acero campestre;Acer campestre;31;1;
321;Bagolaro;Celtis australis;9;2;
320;Bagolaro;Celtis australis;6;2;
319;Bagolaro;Celtis australis;10;2;
318;Bagolaro;Celtis australis;8;2;
317;Bagolaro;Celtis australis;10 (2F);2;
316;Bagolaro;Celtis australis;12;2;
315;Bagolaro;Celtis australis;13 (2F);2;
313;Bagolaro;Celtis australis;7;2;
310;Bagolaro;Celtis australis;6;2;
307;Bagolaro;Celtis australis;5;3;
306;Bagolaro;Celtis australis;3;2;
305;Bagolaro;Celtis australis;9;2;
303;Ailanto;Ailanthus altissima;11;3;
301;Bagolaro;Celtis australis;7;2;
300;Olmo;Ulmus minor;7;2;
299;Olmo;Ulmus minor;5;2;
298;Olmo;Ulmus minor;22;1;
296;Bagolaro;Celtis australis;27;1;
295;Tiglio;Tilia cordata;5 (2F);1;
294;Bagolaro;Celtis australis;9 (4F);2;
293;Bagolaro;Celtis australis;6 (2F);2;
292;Acero campestre;Acer campestre;12;2;
291;Acero campestre;Acer campestre;27;1;
290;Acero campestre;Acer campestre;18;1;
289;Bagolaro;Celtis australis;24;1;
260;Olmo;Ulmus minor;25;1;
262;Acero campestre;Acer campestre;17;1;
265;Olmo;Ulmus minor;7;2;
266;Olmo;Ulmus minor;7;2;
267;Olmo;Ulmus minor;54;1;
268;Bagolaro;Celtis australis;19;1;
269;Bagolaro;Celtis australis;16;1;
276;Olmo;Ulmus minor;22;1;
288;Olmo;Ulmus minor;19;1;
287;Olmo;Ulmus minor;42;1;
286;Bagolaro;Celtis australis;29;1;
285;Bagolaro;Celtis australis;38;1;
282;Olmo;Ulmus minor;37;1;
281;Acero campestre;Acer campestre;10;2;
279;Acero campestre;Acer campestre;25;1;
277;Bagolaro;Celtis australis;42;1;
278;/;/;14;2;
280;Acero campestre;Acer campestre;19;1;
283;Bagolaro;Celtis australis;17;1;
284;Bagolaro;Celtis australis;18;1;
271;Acero campestre;Acer campestre;18;1;
270;/;/;18;1;
197;Tiglio;Tilia cordata;24;1;
196;Tiglio;Tilia cordata;19;1;
199;Bagolaro;Celtis australis;10;2;
198;Bagolaro;Celtis australis;59;1;
314;Bagolaro;Celtis australis;8;2;
205;Acero campestre;Acer campestre;8;2;
204;Bagolaro;Celtis australis;11;2;
201;Bagolaro;Celtis australis;5;2;
200;Olmo;Ulmus minor;5;2;
202;Ailanto;Ailanthus altissima;4 (2F);2;
203;Olmo;Ulmus minor;32;1;
207;Olmo;Ulmus minor;6;2;
206;Tiglio;Tilia cordata;24;1;
209;Bagolaro;Celtis australis;8 (2F);2;
208;Olmo;Ulmus minor;10;2;
210;Olmo;Ulmus minor;8;2;
309;Bagolaro;Celtis australis;8;2;
311;Bagolaro;Celtis australis;7 (2F);2;
312;Bagolaro;Celtis australis;8 (2F);2;
308;Tiglio;Tilia cordata;68;1;
304;Bagolaro;Celtis australis;6 (2F);2;
211;Acero campestre;Acer campestre;17;1;
217;Olmo;Ulmus minor;6;2;
218;Olmo;Ulmus minor;8;2;
216;Olmo;Ulmus minor;5 (3F);2;
212;Bagolaro;Celtis australis;11;2;
213;Olmo;Ulmus minor;6;2;
302;Bagolaro;Celtis australis;7;2;
219;Bagolaro;Celtis australis;23;1;
214;Olmo;Ulmus minor;9;2;
220;Tiglio;Tilia cordata;5;2;
221;Tiglio;Tilia cordata;8;2;
215;Olmo;Ulmus minor;36;1;
297;Acero campestre;Acer campestre;15;1;
223;Olmo;Ulmus minor;8;2;
222;Olmo;Ulmus minor;10;2;
224;Acero campestre;Acer campestre;19;1;
225;Acero campestre;Acer campestre;20;2;
226;Olmo;Ulmus minor;13;1;
227;Acero campestre;Acer campestre;27;1;
228;Olmo;Ulmus minor;24;1;
229;Olmo;Ulmus minor;36;1;
231;Olmo;Ulmus minor;14;1;
234;Olmo;Ulmus minor;8 (2F);1;
235;Olmo;Ulmus minor;9;1;
232;Olmo;Ulmus minor;11;1;
230;Tiglio;Tilia cordata;41;1;
242;Bagolaro;Celtis australis;5;2;
239;Bagolaro;Celtis australis;8 (2F);2;
245;Bagolaro;Celtis australis;6 (2F);2;
236;Bagolaro;Celtis australis;8 (2F);1;
233;Olmo;Ulmus minor;9;1;
241;Olmo;Ulmus minor;10;2;
240;Tiglio;Tilia cordata;9;2;
244;Bagolaro;Celtis australis;9;2;
243;Bagolaro;Celtis australis;12;2;
248;Olmo;Ulmus minor;15;1;
237;Olmo;Ulmus minor;8;1;
238;Acero campestre;Acer campestre;8 (3F);1;
249;Tiglio;Tilia cordata;12;1;
246;Olmo;Ulmus minor;27;1;
247;Olmo;Ulmus minor;33;1;
250;Olmo;Ulmus minor;10 (2F);1;
251;Acero campestre;Acer campestre;6 (3F);1;
252;Acero campestre;Acer campestre;5;1;
256;Acero campestre;Acer campestre;10;1;
255;Acero campestre;Acer campestre;9;1;
253;Acero campestre;Acer campestre;14;1;
258;Acero campestre;Acer campestre;8;2;
257;Olmo;Ulmus minor;13;1;
259;Bagolaro;Celtis australis;6;2;
261;Olmo;Ulmus minor;26;1;
263;Bagolaro;Celtis australis;6;2;
274;Olmo;Ulmus minor;11;2;
275;Olmo;Ulmus minor;14 (2F);1;
273;Acero campestre;Acer campestre;17;1;
272;Tiglio;Tilia cordata;24;1;
264;Bagolaro;Celtis australis;9;2;
254;Olmo;Ulmus minor;6;2;
367;Frassino;Fraxinus;46;1;
368;Nocciolo;Corylus avellana;6 (10F);2;
369;Loto americano;Diospyros virginiana;28;2;
402;Farnia;Quercus robur;48;1;
403;Bagolaro;Celtis australis;5;3;
405;Olmo;Ulmus minor;9;2;
404;Olmo;Ulmus minor;15;2;
406;Bagolaro;Celtis australis;5 (3F);2;
407;Olmo;Ulmus minor;18 (2F);1;
408;Farnia;Quercus robur;9;2;
409;Ailanto;Ailanthus altissima;24;1;
410;Gelso;morus;16;1;
411;Olmo;Ulmus minor;10;2;
412;Loto americano;Diospyros virginiana;11;1;
413;Olmo;Ulmus minor;37;1;
414;Acero campestre;Acer campestre;57;1;
415;Ailanto;Ailanthus altissima;14;3;Abbattimento
416;Acero;;16;2;
417;sambuco;Sambucus nigra;15;2;
418;Olmo;Ulmus minor;60;1;
419;Acero americano;Acer negundo;8;2;
420;Bagolaro;Celtis australis;63;1;
421;Acero campestre;Acer campestre;49;1;
422;Acero campestre;Acer campestre;20;1;
423;Acero di monte;Acer pseudoplatanus;10;2;
424;Sambuco;Sambucus nigra;12 (4F);2;
426;Carpino bianco;Carpinus betulus;16;1;
425;Acero campestre;Acer campestre;46;1;
427;Carpino bianco;Carpinus betulus;13;1;
429;Bagolaro;Celtis australis;9;3;
428;Carpino bianco;Carpinus betulus;6;3;
430;Acero campestre;Acer campestre;37;1;
431;Olmo;Ulmus minor;33;1;Abbattimento
432;Acero campestre;Acer campestre;21;1;
433;Ailanto;Ailanthus altissima;5;3;
434;Ailanto;Ailanthus altissima;11;2;
435;Bagolaro;Celtis australis;33;1;
436;Frassino;Fraxinus;43;1;Abbattimento
437;Bagolaro;Celtis australis;9;3;
438;Acero campestre;Acer campestre;21;2;
439;Loto americano;Diospyros virginiana;5 (2F);3;
440;Bagolaro;Celtis australis;6;3;
441;/;/;4;3;
442;Olmo;Ulmus minor;23;1;Abbattimento
443;Acero campestre;Acer campestre;19;1;
444;Olmo;Ulmus minor;28;1;
445;Acero campestre;Acer campestre;30;1;
446;Acero campestre;Acer campestre;19;1;
447;Olmo;Ulmus minor;10;2;
448;Olmo;Ulmus minor;7 (2F);2;
449;Carpino bianco;Carpinus betulus;5;3;
450;Olmo;Ulmus minor;6;3;
451;Acero campestre;Acer campestre;14;1;
452;Acero campestre;Acer campestre;19;1;
453;Acero campestre;Acer campestre;18;13;
454;Olmo;Ulmus minor;7;1;
455;Olmo;Ulmus minor;27;1;
457;Olmo;Ulmus minor;9;2;
456;Olmo;Ulmus minor;22;1;
458;Olmo;Ulmus minor;6;3;
459;Bagolaro;Celtis australis;76;1;
460;Olmo;Ulmus minor;9;2;
461;Olmo;Ulmus minor;6;3;
462;Acero campestre;Acer campestre;31;1;
463;Olmo;Ulmus minor;27;1;
469;Olmo;Ulmus minor;6;3;
464;Olmo;Ulmus minor;25;1;
465;Olmo;Ulmus minor;31;1;
466;Olmo;Ulmus minor;32;1;
467;Bagolaro;Celtis australis;8;3;
468;Olmo;Ulmus minor;33;1;
470;Olmo;Ulmus minor;4;3;
471;Bagolaro;Celtis australis;6;3;
472;Olmo;Ulmus minor;21;2;
475;Olmo;Ulmus minor;66;1;
474;Bagolaro;Celtis australis;5;3;
473;Olmo;Ulmus minor;5;3;
701;Olmo;Ulmus minor;20;1;
702;Olmo;Ulmus minor;24;1;
703;Frassino;Fraxinus;9;3;
704;Carpino nero;Ostrya carpinifolia;20;2;
705;Sambuco;Sambucus nigra;8;3;
706;Olmo;Ulmus minor;28;1;
707;Olmo;Ulmus minor;32;1;
708;Olmo;Ulmus minor;29;1;Abbattimento
709;Olmo;Ulmus minor;25;1;
710;Tiglio;Tilia cordata;41;1;
711;Olmo;Ulmus minor;17;2;
712;Platano;Platanus;63;1;
713;Bagolaro;Celtis australis;12;2;
717;Bagolaro orientale;Celtis orientalis;35;1;
714;Olmo;Ulmus minor;26;1;
715;Olmo;Ulmus minor;23;1;
716;Olmo;Ulmus minor;24;1;
718;Bagolaro;Celtis australis;15;2;
719;Bagolaro;Celtis australis;19;2;
720;Olmo;Ulmus minor;36;1;
721;Olmo;Ulmus minor;10;2;
722;Sophora;Sophora japonica;9;3;
724;Loto americano;Diospyros virginiana;19;1;
723;Sambuco;Sambucus nigra;16;2;
729;Sophora;Sophora japonica;11;3;
730;Loto americano;Diospyros virginiana;31;1;
731;Olmo;Ulmus minor;30;1;
732;Loto americano;Diospyros virginiana;17;2;
733;/;/;29;2;
734;Olmo;Ulmus minor;21;2;
735;Olmo;Ulmus minor;35;1;
736;Bagolaro;Celtis australis;42;1;
737;Olmo;Ulmus minor;43;1;
738;Acero campestre;Acer campestre;29;2;
348;Thuja;Thuja;21;2;
346;/;/;44;1;
370;Sophora;Sophora japonica;100;1;
371;Carpino nero;Ostrya carpinifolia;44;1;
373;Olmo;Ulmus minor;36;1;
374;Carpino bianco;Carpinus betulus;31;1;
375;Olmo;Ulmus minor;13;1;
376;Olmo;Ulmus minor;13;1;
377;Olmo;Ulmus minor;18 (3F);1;
378;Bagolaro;Celtis australis;8;2;
379;Olmo;Ulmus minor;6;2;
380;Olmo;Ulmus minor;4;2;
381;Olmo;Ulmus minor;9;2;
382;Olmo;Ulmus minor;23 (2F);1;
383;Olmo;Ulmus minor;17 (2F);1;
384;Bagolaro;Celtis australis;4;3;
385;Bagolaro;Celtis australis;16 (2F);2;
386;Bagolaro;Celtis australis;12;2;
387;Olmo;Ulmus minor;13;1;
388;Tiglio;Tilia cordata;43;1;
389;Carpino bianco;Carpinus betulus;20;1;
390;Carpino bianco;Carpinus betulus;55;1;
391;Carpino bianco;Carpinus betulus;22;1;
393;Acero di monte;Acer pseudoplatanus;24;1;
394;Olmo;Ulmus minor;7;2;
392;Acero di monte;Acer pseudoplatanus;10;2;
395;Acero campestre;Acer campestre;53;1;
396;Acero campestre;Acer campestre;37;1;
397;Frassino;Fraxinus;21;2;
398;Carpino bianco;Carpinus betulus;34;1;
401;Gelso;morus;11 (3F);2;
400;Acero campestre;Acer campestre;37;1;
399;Acero campestre;Acer campestre;37;1;
477;Carpino bianco;Carpinus betulus;51;1;Abbattimento
476;Ailanto;Ailanthus altissima;6(2F);2;
478;Acero campestre;Acer campestre;31;1;
479;Carpino bianco;Carpinus betulus;37;1;
480;Carpino bianco;Carpinus betulus;46;1;
481;Acero campestre;Acer campestre;11;2;
482;Acero campestre;Acer campestre;7;2;
483;Tiglio;Tilia cordata;51;1;
484;Carpino bianco;Carpinus betulus;6;3;
485;Acero campestre;Acer campestre;21;1;
487;Loto americano;Diospyros virginiana;31;1;
486;Carpino bianco;Carpinus betulus;4;3;
488;Acero di monte;Acer pseudoplatanus;23;1;
491;Carpino bianco;Carpinus betulus;9;2;
489;/;/;5;2;
490;Acero campestre;Acer campestre;15;1;
496;Carpino bianco;Carpinus betulus;15;1;
492;/;/;13;1;
493;/;/;4;2;
494;Carpino bianco;Carpinus betulus;8;2;
497;Carpino bianco;Carpinus betulus;14;1;
495;/;/;18;1;
499;Carpino bianco;Carpinus betulus;11;2;
498;Carpino bianco;Carpinus betulus;26;1;
500;Carpino nero;Ostrya carpinifolia;13;1;
502;Bagolaro;Celtis australis;34;1;
501;Carpino nero;Ostrya carpinifolia;7;3;
504;Acero campestre;Acer campestre;8;1;
503;Carpino bianco;Carpinus betulus;18;2;
505;Acero campestre;Acer campestre;29;1;
506;Carpino bianco;Carpinus betulus;13;2;
507;Acero campestre;Acer campestre;32;1;
509;Carpino bianco;Carpinus betulus;19;1;
508;Acero campestre;Acer campestre;6;3;
510;Carpino bianco;Carpinus betulus;28;1;
512;Carpino bianco;Carpinus betulus;15;1;
511;Carpino bianco;Carpinus betulus;6;2;
513;Carpino bianco;Carpinus betulus;51;1;Abbattimento
514;Carpino bianco;Carpinus betulus;29;1;
515;Acero di monte;Acer pseudoplatanus;3;3;
516;Acero di monte;Acer pseudoplatanus;8;2;
517;Bagolaro;Celtis australis;82;1;
518;/;/;7;2;
519;Gelso;Morus alba;20;1;
520;Sambuco;Sambucus nigra;8 (2F);2;
521;Bagolaro;Celtis australis;51;1;
524;Carpino bianco;Carpinus betulus;7;3;
522;Bagolaro;Celtis australis;8;2;
523;Loto americano;Diospyros virginiana;7;2;
527;Carpino bianco;Carpinus betulus;9;3;
526;Loto americano;Diospyros virginiana;9;2;
525;Acero campestre;Acer campestre;9;2;
528;Frassino;Fraxinus;95;1;
529;Bagolaro;Celtis australis;7;3;
530;Carpino nero;Ostrya carpinifolia;43;1;
531;Loto americano;Diospyros virginiana;15;1;
533;Loto americano;Diospyros virginiana;3 (3F);2;
532;Loto americano;Diospyros virginiana;7;2;
534;Bagolaro;Celtis australis;7;2;
535;Loto americano;Diospyros virginiana;10;1;
536;Loto americano;Diospyros virginiana;21;1;
537;Olmo;Ulmus minor;5;3;
539;Carpino bianco;Carpinus betulus;63;1;
538;Loto americano;Diospyros virginiana;8;1;
725;Acero di monte;Acer pseudoplatanus;10;2;
728;Spino di Giuda;Gleditsia triacanthos;47;1;
727;Acero di monte;Acer pseudoplatanus;13;3;
550;Olmo;Ulmus minor;16;1;
546;Loto americano;Diospyros virginiana;47;1;
547;Bagolaro orientale;Celtis orientalis;8;3;
551;Bagolaro;Celtis australis;7;3;
545;Acero di monte;Acer pseudoplatanus;29;1;
542;Loto americano;Diospyros virginiana;9;2;
541;Acero campestre;Acer campestre;30;1;
548;Bagolaro orientale;Celtis orientalis;5;2;
549;Bagolaro orientale;Celtis orientalis;5;3;
556;Bagolaro orientale;Celtis orientalis;6;3;
555;Bagolaro orientale;Celtis orientalis;/;3;
553;Bagolaro orientale;Celtis orientalis;/;3;
552;Bagolaro orientale;Celtis orientalis;13;2;
557;Bagolaro orientale;Celtis orientalis;/;3;
558;Bagolaro;Celtis australis;8;1;
554;Acero di monte;Acer pseudoplatanus;34;1;
559;Loto americano;Diospyros virginiana;/;3;
560;/;/;/;3;
561;Acero di monte;Acer pseudoplatanus;15;2;
562;Loto americano;Diospyros virginiana;18;1;
563;Tiglio;Tilia cordata;36;1;
564;Loto americano;Diospyros virginiana;14;1;
565;Acero campestre;Acer campestre;/;3;
566;Bagolaro;Celtis australis;/;3;
568;Bagolaro orientale;Celtis orientalis;6;3;
567;Spino di Giuda;Gleditsia triacanthos;14;2;
569;Sophora;Sophora japonica;16;2;
578;Tiglio;Tilia cordata;66;1;
570;Bagolaro orientale;Celtis orientalis;4;3;
571;Bagolaro;Celtis australis;10;2;
572;Acero di monte;Acer pseudoplatanus;30;1;
581;Loto americano;Diospyros virginiana;32;1;
573;Bagolaro orientale;Celtis orientalis;11;3;
575;Bagolaro;Celtis australis;4;3;
582;Loto americano;Diospyros virginiana;/;3;
577;Bagolaro orientale;Celtis orientalis;/;3;
579;Platano;Platanus;>100;1;
583;Loto americano;Diospyros virginiana;/;3;
574;Bagolaro;Celtis australis;4;3;
576;Bagolaro orientale;Celtis orientalis;/;3;
584;Loto americano;Diospyros virginiana;10;1;
588;Bagolaro orientale;Celtis orientalis;14;2;
589;Bagolaro;Celtis australis;/;3;
580;Loto americano;Diospyros virginiana;/;3;
585;Olmo;Ulmus minor;/;3;
586;Olmo;Ulmus minor;56;1;
590;Bagolaro orientale;Celtis orientalis;8;3;
594;Loto americano;Diospyros virginiana;72;2;
595;Acero di monte;Acer pseudoplatanus;26;1;
587;Frassino;Fraxinus;37;1;
591;Bagolaro orientale;Celtis orientalis;17;1;
592;Loto americano;Diospyros virginiana;10;2;
593;Loto americano;Diospyros virginiana;8;2;
599;Bagolaro;Celtis australis;10;2;
601;Acero di monte;Acer pseudoplatanus;/;2;
596;Acero di monte;Acer pseudoplatanus;30;1;
600;Bagolaro orientale;Celtis orientalis;9;2;
602;Loto americano;Diospyros virginiana;/;2;
603;Olmo;Ulmus minor;/;3;
597;Gelso;Morus nigra;/;3;
598;Bagolaro;Celtis australis;13;2;
604;/;/;40;1;
605;Acero di monte;Acer pseudoplatanus;25;1;
609;Loto americano;Diospyros virginiana;/;2;
606;Olmo;Ulmus minor;14;1;
610;Acero americano;Acer pseudoplatanus;/;2;
611;Sophora;Sophora japonica;34;1;
612;Acero di monte;Acer pseudoplatanus;/;2;
607;Acero di monte;Acer pseudoplatanus;35;1;
608;Acero di monte;Acer pseudoplatanus;42;1;
613;Acero di monte;Acer pseudoplatanus;/;2;
614;Acero di monte;Acer pseudoplatanus;/;2;
615;Acero di monte;Acer pseudoplatanus;/;2;
616;Loto americano;Diospyros virginiana;76;1;
617;Bagolaro;Celtis australis;/;3;
619;Loto americano;Diospyros virginiana;20;1;
622;Acero campestre;Acer campestre;12;2;
618;Acero campestre;Acer campestre;/;2;
620;Loto americano;Diospyros virginiana;15;1;
621;Loto americano;Diospyros virginiana;23;1;
700;faggio;Fagus sylvatica;11;3;
698;Olmo;Ulmus minor;25;1;
697;Faggio;Fagus sylvatica;7;3;
696;Olmo;Ulmus minor;13;2;
694;Tiglio;Tilia cordata;15;2;
699;/;/;25;2;Abbattimento
695;Loto americano;Diospyros virginiana;38;1;
692;Olmo;Ulmus minor;48;1;
691;Noce comune;Juglans regia;13;2;
690;Acero campestre;Acer campestre;6;3;
693;Olmo;Ulmus minor;8;3;
689;Olmo;Ulmus minor;31;1;
688;Olmo;Ulmus minor;45;1;
687;Olmo;Ulmus minor;25;2;
685;Olmo;Ulmus minor;32;1;
686;Acero di monte;Acer pseudoplatanus;22;2;
669;Loto americano;Diospyros virginiana;10;3;
683;Loto americano;Diospyros virginiana;11;3;
684;Loto americano;Diospyros virginiana;9;2;
682;Bagolaro orientale;Celtis orientalis;12;2;
681;Olmo;Ulmus minor;11;2;
677;Olmo;Ulmus minor;31;2;
678;Olmo;Ulmus minor;7;3;
679;Olmo;Ulmus minor;16;2;
680;Spino di Giuda;Gleditsia triacanthos;12;2;
676;Bagolaro orientale;Celtis orientalis;21;2;
675;bagolaro;Celtis australis;12;3;
674;Olmo;Ulmus minor;8;3;
673;Olmo;Ulmus minor;11;2;
672;Loto americano;Diospyros virginiana;21;1;
671;Loto americano;Diospyros virginiana;14;2;
668;Bagolaro orientale;Celtis orientalis;10;2;
670;Olmo;Ulmus minor;56;1;
666;Bagolaro orientale;Celtis orientalis;17;2;
665;Frassino;Fraxinus;8;2;
662;Olmo;Ulmus minor;16;2;
661;Frassino;Fraxinus;4;3;
663;Bagolaro orientale;Celtis orientalis;10;2;
664;Loto americano;Diospyros virginiana;16;1;
658;bagolaro;Celtis australis;19;1;
659;bagolaro;Celtis australis;13;1;
660;Frassino;Fraxinus;16;2;
623;/;/;/;3;
624;Bagolaro;Celtis australis;/;3;
625;Sophora;Sophora japonica;12;2;
626;Acero di monte;Acer pseudoplatanus;/;2;
627;Gelso;Morus nigra;16;2;
635;Loto americano;Diospyros virginiana;52;1;
634;bagolaro;Celtis australis;/;2;
631;bagolaro;Celtis australis;/;2;
636;Loto americano;Diospyros virginiana;66;1;
633;Platano;platanus;>100;1;
628;Bagolaro;Celtis australis;8;2;
629;Bagolaro;Celtis australis;11;2;
638;Carpino bianco;carpinus betulus;/;3;
639;Carpino bianco;carpinus betulus;/;3;
643;Frassino;Fraxinus;/;3;
632;bagolaro;Celtis australis;/;3;
630;Bagolaro orientale;Celtis orientalis;13;2;
657;bagolaro;Celtis australis;13;1;
655;Acero di monte;Acer pseudoplatanus;30;1;
656;Frassino;Fraxinus;12;3;
654;Acero di monte;Acer pseudoplatanus;34;1;
653;Bagolaro orientale;Celtis orientalis;50;1;
648;Olmo;Ulmus minor;/;3;
646;Olmo;Ulmus minor;/;3;
647;Olmo;Ulmus minor;41;1;
652;/;/;25;1;
651;Acero campestre;Acer campestre;26;2;
650;bagolaro;Celtis australis;/;3;
645;Olmo;Ulmus minor;/;3;
644;Olmo;Ulmus minor;/;3;
640;bagolaro;Celtis australis;/;3;
642;Olmo;Ulmus minor;22;2;
641;/;/;21;1;
649;bagolaro;Celtis australis;/;3;
851;Abete rosso;Picea abies;50;1;Abbattimento
850;carpino nero;Ostrya carpinifolia;80;1;
739;/;/;43;1;
746;Carpino nero;Ostrya carpinifolia;30;1;
747;Olmo;Ulmus minor;15;1;
748;Olmo;Ulmus minor;14;2;
749;Acero campestre;Acer campestre;11;3;
750;Carpino nero;Ostrya carpinifolia;51;2;
751;Carpino nero;Ostrya carpinifolia;41;1;
754;Acero campestre;Acer campestre;34;2;
752;Olmo;Ulmus minor;39;1;Abbattimento
753;Carpino bianco;Ostrya carpinifolia;16;3;
745;Olmo;Ulmus minor;49;1;
755;Acero americano;acer negundo;19;2;
756;Frassino;Fraxinus;24;2;
757;/;/;23;2;
758;Olmo;Ulmus minor;28;1;
760;Acero campestre;Acer campestre;12;3;
759;Acero campestre;Acer campestre;15;3;
761;bagolaro;Celtis australis;37;1;
762;Acero campestre;Acer campestre;12;3;
763;Carpino bianco;carpinus betulus;14;3;
765;Acero campestre;Acer campestre;14;2;
766;Olmo;Ulmus minor;28;1;
764;Acero campestre;Acer campestre;20;2;
772;Loto americano;Diospyros virginiana;16;2;
771;bagolaro;Celtis australis;27;3;
773;acero campestre;Acer campestre;17;2;
775;bagolaro;Celtis australis;25;1;
774;robinia;Robinia pseudoacacia;17;2;
776;Olmo;Ulmus minor;30;1;
784;robinia;Robinia pseudoacacia;22;2;
785;acero campestre;Acer campestre;12;3;
786;Loto americano;Diospyros virginiana;24;1;Abbattimento
787;Olmo;Ulmus minor;25;1;Abbattimento
796;Olmo;Ulmus minor;54;1;
795;Olmo;Ulmus minor;33;1;
794;acero campestre;Acer campestre;12;3;
797;bagolaro;Celtis australis;21;2;
800;Olmo;Ulmus minor;18;1;Abbattimento
801;Olmo;Ulmus minor;20;1;Abbattimento
802;Olmo;Ulmus minor;11;2;
803;bagolaro;Celtis australis;14;2;
809;acero campestre;Acer campestre;12;2;
808;Frassino;Fraxinus;44;1;
810;acero campestre;Acer campestre;17;2;
823;acero campestre;Acer campestre;19;2;
824;acero campestre;Acer campestre;11;3;
825;bagolaro;Celtis australis;11;2;
826;Olmo;Ulmus minor;18;2;
827;bagolaro;Celtis australis;12;2;
833;carpino nero;Ostrya carpinifolia;18;1;
834;acero campestre;Acer campestre;23;2;
836;Olmo;Ulmus minor;22;1;
835;Olmo;Ulmus minor;37;1;
840;Olmo;Ulmus minor;32;1;
842;bagolaro;Celtis australis;16;3;
843;Olmo;Ulmus minor;28;1;
844;Olmo;Ulmus minor;30;1;
846;robinia;Robinia pseudoacacia;26;2;
852;Olmo;Ulmus minor;34;1;
853;Olmo;Ulmus minor;25;2;Abbattimento
847;Olmo;Ulmus minor;18;2;Abbattimento
845;Olmo;Ulmus minor;25;1;
848;Acero di monte;Acer pseudoplatanus;38;1;
839;carpino nero;Ostrya carpinifolia;40;1;
837;carpino nero;Ostrya carpinifolia;45;1;
832;Olmo;Ulmus minor;25;1;
831;carpino nero;Ostrya carpinifolia;41;1;
820;Olmo;Ulmus minor;28;1;
821;Olmo;Ulmus minor;30;1;
819;carpino nero;Ostrya carpinifolia;38;1;
815;carpino nero;Ostrya carpinifolia;14;3;
814;Olmo;Ulmus minor;21;1;
813;Carpino nero;Ostrya carpinifolia;62;1;
816;Olmo;Ulmus minor;41;1;
807;Frassino;Fraxinus;30;1;
804;Carpino bianco;carpinus betulus;32;2;
799;Carpino nero;Ostrya carpinifolia;55;1;
798;Olmo;Ulmus minor;31;1;
793;Olmo;Ulmus minor;21;1;
788;Olmo;Ulmus minor;29;1;
777;Olmo;Ulmus minor;26;1;
778;Olmo;Ulmus minor;25;1;
770;acero campestre;Acer campestre;11;3;
769;Olmo;Ulmus minor;40;1;
768;Olmo;Ulmus minor;55;1;
767;/;/;/;/;
854;Olmo;Ulmus minor;17;2;
849;Olmo;Ulmus minor;54;1;
841;Frassino;Fraxinus;67;1;
838;Loto americano;Diospyros virginiana;17;2;
830;Frassino;Fraxinus;71;1;
829;Loto americano;Diospyros virginiana;13;3;
828;Frassino;Fraxinus;54;1;
822;Tiglio;Tilia cordata;30;1;
818;Frassino;Fagus sylvatica;64;1;
817;faggio;Fagus sylvatica;17;3;
812;faggio;Fagus sylvatica;16;3;
811;faggio;Fagus sylvatica;45;1;
806;Frassino;Fraxinus;17;2;
805;faggio;Fagus sylvatica;26;2;
792;faggio;Fagus sylvatica;22;2;
791;Frassino;Fraxinus;15;3;
789;faggio;Fagus sylvatica;29;2;
790;Frassino;Fraxinus;58;1;
782;faggio;Fagus sylvatica;24;2;
781;Loto americano;Diospyros virginiana;11;2;
783;Loto americano;Diospyros virginiana;13;3;
780;Loto americano;Diospyros virginiana;13;2;
779;faggio;Fagus sylvatica;30;1;
855;Olmo;Ulmus minor;28;1;
857;Olmo;Ulmus minor;11;3;
858;acero campestre;Acer campestre;11;3;
859;acero campestre;Acer campestre;13;3;
860;acero campestre;Acer campestre;10;3;
862;Olmo;Ulmus minor;20;2;
863;acero campestre;Acer campestre;15;2;
864;acero campestre;Acer campestre;10;3;
865;acero campestre;Acer campestre;14;2;
869;robinia;Robinia pseudoacacia;12;3;Abbattimento
866;acero campestre;Acer campestre;11;2;
867;acero campestre;Acer campestre;28;2;
868;Olmo;Ulmus minor;40;1;Abbattimento
870;acero campestre;Acer campestre;23;2;
872;/;/;14;2;
873;/;/;18;2;
876;Olmo;Ulmus minor;30;1;Abbattimento
877;carpino nero;Ostrya carpinifolia;9;3;
875;Olmo;Ulmus minor;11;2;
874;acero campestre;Acer campestre;18;2;
871;robinia;Robinia pseudoacacia;31;1;
882;Olmo;Ulmus minor;35;1;
878;/;/;13;3;
879;Olmo;Ulmus minor;23;1;
880;Olmo;Ulmus minor;26;1;
881;acero campestre;Acer campestre;21;1;
886;bagolaro;Celtis australis;14;3;
889;acero campestre;Acer campestre;27;1;
885;acero campestre;Acer campestre;26;2;
890;acero campestre;Acer campestre;23;2;
892;acero campestre;Acer campestre;19;2;
893;acero campestre;Acer campestre;20;2;
931;bagolaro;Celtis australis;9;3;
928;bagolaro;Celtis australis;16;2;
905;farnia;Quercus robur;68;1;
904;acero campestre;Acer campestre;20;2;
902;acero campestre;Acer campestre;19;2;
903;prunus;prunus;11;3;
907;acero campestre;Acer campestre;18;2;
910;bagolaro;Celtis australis;38;1;
909;acero campestre;Acer campestre;26;2;
911;acero campestre;Acer campestre;12;3;
912;Bagolaro orientale;Celtis orientalis;24;2;
913;Tiglio;Tilia cordata;15;2;
914;bagolaro;Celtis australis;35;1;
930;gelso;Morus nigra;22;2;
929;gelso;Morus nigra;39;1;
926;acero campestre;Acer campestre;24;2;
920;bagolaro;Celtis australis;24;2;
927;bagolaro;Celtis australis;20;2;
925;Bagolaro orientale;Celtis orientalis;12;2;
924;Tiglio;Tilia cordata;14;2;
922;gelso;Morus nigra;16;3;
923;acero campestre;Acer campestre;12;3;
917;bagolaro;Celtis australis;26;2;
918;bagolaro;Celtis australis;26;2;
919;bagolaro;Celtis australis;17;2;
916;gelso;Morus nigra;26;2;
915;bagolaro;Celtis australis;15;2;
908;acero campestre;Acer campestre;17;2;
906;bagolaro;Celtis australis;37;1;
901;bagolaro;Celtis australis;12;3;
896;bagolaro;Celtis australis;15;2;
897;bagolaro;Celtis australis;19;2;
898;bagolaro;Celtis australis;15;2;
899;bagolaro;Celtis australis;25;2;
900;bagolaro;Celtis australis;23;2;
895;bagolaro;Celtis australis;20;2;
894;bagolaro;Celtis australis;22;2;
891;robinia;Robinia pseudoacacia;13;2;
888;Olmo;Ulmus minor;22;2;Abbattimento
887;Olmo;Ulmus minor;33;2;
884;bagolaro;Celtis australis;11;3;
883;Olmo;Ulmus minor;42;1;
943;robinia;Robinia pseudoacacia;12;3;
944;robinia;Robinia pseudoacacia;23;2;
946;Olmo;Ulmus minor;18;3;
957;Spino di Giuda;Gleditsia triacanthos;21;2;
932;bagolaro;Celtis australis;16;2;
933;bagolaro;Celtis australis;11;3;
934;bagolaro;Celtis australis;8;3;
937;bagolaro;Celtis australis;30;1;
938;Spino di Giuda;Gleditsia triacanthos;11;2;
939;Spino di Giuda;Gleditsia triacanthos;28;1;
940;bagolaro;Celtis australis;11;3;
942;bagolaro;Celtis australis;27;2;
941;bagolaro;Celtis australis;19;2;
947;Spino di Giuda;Gleditsia triacanthos;19;1;
945;bagolaro;Celtis australis;25;2;
948;Bagolaro orientale;Celtis orientalis;13;2;
949;acero campestre;Acer campestre;20;2;
950;acero campestre;Acer campestre;25;1;
951;bagolaro;Celtis australis;15;2;
952;robinia;Robinia pseudoacacia;12;2;
954;acero campestre;Acer campestre;15;2;
953;acero campestre;Acer campestre;12;3;
956;Tiglio;Tilia cordata;12;2;
958;acero campestre;Acer campestre;14;3;
955;bagolaro;Celtis australis;12;2;
959;acero campestre;Acer campestre;17;3;
960;bagolaro;Celtis australis;9;3;
961;Frassino;Fraxinus;21;2;
962;bagolaro;Celtis australis;11;3;
963;acero campestre;Acer campestre;11;3;
964;bagolaro;Celtis australis;22;3;
965;bagolaro;Celtis australis;55;1;
966;Spino di Giuda;Gleditsia triacanthos;10;3;
967;robinia;Robinia pseudoacacia;20;2;
968;Gelso cinese;Broussonetia papyrifera;12;3;
969;Gelso cinese;Broussonetia papyrifera;30;1;
970;Gelso cinese;Broussonetia papyrifera;18;1;
971;robinia;Robinia pseudoacacia;20;2;
972;robinia;Robinia pseudoacacia;14;2;
979;Spino di Giuda;Gleditsia triacanthos;16;2;
980;Spino di Giuda;Gleditsia triacanthos;14;2;
973;robinia;Robinia pseudoacacia;55;1;
974;robinia;Robinia pseudoacacia;45;1;
978;robinia;Robinia pseudoacacia;13;2;
977;robinia;Robinia pseudoacacia;16;1;
975;robinia;Robinia pseudoacacia;13;2;
976;Acero di monte;Acer pseudoplatanus;22;2;
981;robinia;Robinia pseudoacacia;25;2;
982;robinia;Robinia pseudoacacia;16;2;
1095;bagolaro;Celtis australis;56;1;
1096;bagolaro;Celtis australis;35;1;
1094;bagolaro;Celtis australis;36;1;
1093;acero campestre;Acer campestre;11;1;
1092;bagolaro;Celtis australis;46;1;
1090;Tiglio;Tilia cordata;15;1;
1089;robinia;Robinia pseudoacacia;15;1;
1088;Spino di Giuda;Gleditsia triacanthos;27;1;
1091;Loto americano;Diospyros virginiana;16;1;
1085;robinia;Robinia pseudoacacia;16;2;
1084;Tiglio;Tilia cordata;12;2;
1087;robinia;Robinia pseudoacacia;17;2;
1082;Spino di Giuda;Gleditsia triacanthos;37;1;
1086;Spino di Giuda;Gleditsia triacanthos;19;2;
1080;Spino di Giuda;Gleditsia triacanthos;32;1;
1083;Carpino bianco;carpinus betulus;17;2;
1079;Platano;platanus;76;1;
1107;bagolaro;Celtis australis;24;1;
1105;bagolaro;Celtis australis;40;1;
1106;Bagolaro orientale;Celtis orientalis;19;2;
1102;Bagolaro orientale;Celtis orientalis;15;1;
1101;Bagolaro orientale;Celtis orientalis;46;1;
1104;Bagolaro orientale;Celtis orientalis;13;2;
1103;Bagolaro orientale;Celtis orientalis;22;1;
1100;Bagolaro orientale;Celtis orientalis;22;2;
1099;Bagolaro orientale;Celtis orientalis;18;2;
1098;prunus;prunus;7;2;
1097;bagolaro;Celtis australis;9;2;
1108;robinia;Robinia pseudoacacia;26;1;
1109;robinia;Robinia pseudoacacia;22;1;
1110;Bagolaro orientale;Celtis orientalis;59;1;
1111;bagolaro;Celtis australis;34;1;
1112;robinia;Robinia pseudoacacia;19;1;
1113;acero campestre;Acer campestre;22;1;
1115;robinia;Robinia pseudoacacia;21;1;
1114;robinia;Robinia pseudoacacia;16;1;
1117;robinia;Robinia pseudoacacia;27;1;
1118;Bagolaro orientale;Celtis orientalis;20;2;
1116;robinia;Robinia pseudoacacia;25;1;
1119;robinia;Robinia pseudoacacia;55;1;
1120;acero campestre;Acer campestre;16;2;
1121;acero campestre;Acer campestre;38;1;
1122;robinia;Robinia pseudoacacia;15;2;
1123;robinia;Robinia pseudoacacia;17;2;
1124;bagolaro;Celtis australis;16;2;
1125;Bagolaro orientale;Celtis orientalis;17;2;
1126;Spino di Giuda;Gleditsia triacanthos;39;1;
1131;Bagolaro orientale;Celtis orientalis;15;2;
1130;Bagolaro orientale;Celtis orientalis;19;2;
1128;Bagolaro orientale;Celtis orientalis;26;1;
1129;Bagolaro orientale;Celtis orientalis;32;1;
984;Spino di Giuda;Gleditsia triacanthos;18;2;
983;Spino di Giuda;Gleditsia triacanthos;14;2;
986;Olmo;Ulmus minor;40;1;
987;Tiglio;Tilia cordata;44;1;
991;Olmo;Ulmus minor;39;1;Abbattimento
999;Olmo;Ulmus minor;52;1;
1013;Spino di Giuda;Gleditsia triacanthos;13;2;
1014;Tiglio;Tilia cordata;57;1;
1029;Olmo;Ulmus minor;30;1;
1028;Olmo;Ulmus minor;45;1;
1030;Olmo;Ulmus minor;49;1;
1034;Olmo;Ulmus minor;52;1;
1035;bagolaro;Celtis australis;13;3;
1038;Olmo;Ulmus minor;19;2;
1044;Loto americano;Diospyros virginiana;13;2;
1045;Loto americano;Diospyros virginiana;35;2;
1048;bagolaro;Celtis australis;13;2;
1049;Acero americano;acer negundo;18;2;
1056;Loto americano;Diospyros virginiana;14;2;
1057;Loto americano;Diospyros virginiana;10;2;
1061;Ginko;Ginko biloba;35;1;
1062;/;/;15;2;
1063;Loto americano;Diospyros virginiana;34;1;
1070;Loto americano;Diospyros virginiana;25;1;
1075;Noce comune;Juglans regia;39;2;
1078;Tiglio;Tilia cordata;33;1;
1077;Tiglio;Tilia cordata;17;3;
1076;Tiglio;Tilia cordata;81;1;
1074;Ippocastano;Aesculus  hippocastanum;61;1;
1073;Bagolaro orientale;Celtis orientalis;16;2;
1072;Bagolaro orientale;Celtis orientalis;15;2;
1071;Bagolaro orientale;Celtis orientalis;15;2;
1069;bagolaro;Celtis australis;14;2;
1068;Olmo;Ulmus minor;26;2;
1067;Bagolaro orientale;Celtis orientalis;15;2;
1066;bagolaro;Celtis australis;12;2;
1065;Bagolaro orientale;Celtis orientalis;21;2;
1064;acero campestre;Acer campestre;35;1;
1059;Olmo;Ulmus minor;30;1;
1058;Tiglio;Tilia cordata;26;2;
1060;Spino di Giuda;Gleditsia triacanthos;25;1;
1055;Tiglio;Tilia cordata;18;2;
1054;Loto americano;Diospyros virginiana;16;2;
1053;Tiglio;Tilia cordata;30;2;
1052;Loto americano;Diospyros virginiana;17;2;
1051;Tiglio;Tilia cordata;28;1;
1050;Acero americano;acer negundo;27;2;
1047;Acero americano;Acer campestre;36;2;
1046;Loto americano;Diospyros virginiana;15;2;
1043;Carpino bianco;carpinus betulus;32;2;
1042;bagolaro;Celtis australis;30;2;
1041;bagolaro;Celtis australis;14;2;
1040;bagolaro;Celtis australis;22;2;
1039;bagolaro;Celtis australis;30;1;
1036;bagolaro;Celtis australis;23;2;
1037;bagolaro;Celtis australis;17;2;
1033;bagolaro;Celtis australis;19;2;
1032;bagolaro;Celtis australis;18;2;
1031;bagolaro;Celtis australis;15;2;
1026;acero campestre;Acer campestre;13;3;
1027;bagolaro;Celtis australis;17;2;
1025;bagolaro;Celtis australis;16;2;
1024;bagolaro;Celtis australis;12;2;
1020;bagolaro;Celtis australis;15;2;
1023;bagolaro;Celtis australis;15;2;
1021;bagolaro;Celtis australis;52;1;
1019;bagolaro;Celtis australis;15;3;
1018;Olmo;Ulmus minor;15;2;
1000;bagolaro;Celtis australis;68;1;
1022;bagolaro;Celtis australis;70;1;
1015;Spino di Giuda;Gleditsia triacanthos;12;2;
1016;Tiglio;Tilia cordata;16;2;
1017;bagolaro;Celtis australis;12;2;
1012;Spino di Giuda;Gleditsia triacanthos;12;2;
1011;Loto americano;Diospyros virginiana;14;2;
1008;bagolaro;Celtis australis;18;2;
1007;bagolaro;Celtis australis;13;2;
1010;bagolaro;Celtis australis;12;2;
1005;bagolaro;Celtis australis;25;2;
1006;Olmo;Ulmus minor;13;2;
1004;bagolaro;Celtis australis;14;2;
998;bagolaro;Celtis australis;13;3;
1001;Olmo;Ulmus minor;19;2;
1002;bagolaro;Celtis australis;12;2;
1003;Spino di Giuda;Gleditsia triacanthos;13;2;
997;Olmo;Ulmus minor;15;2;
996;bagolaro;Celtis australis;13;3;
995;Spino di Giuda;Gleditsia triacanthos;13;2;
994;Olmo;Ulmus minor;20;1;
993;bagolaro;Celtis australis;13;2;
992;Spino di Giuda;Gleditsia triacanthos;16;2;
990;Spino di Giuda;Gleditsia triacanthos;20;2;
988;bagolaro;Celtis australis;20;2;
989;Spino di Giuda;Gleditsia triacanthos;15;2;
985;Spino di Giuda;Gleditsia triacanthos;17;2;
1919;Cedro dellâ€™Himalaya;Cedrus deodara;97;1;
1918;Cedro dellâ€™Himalaya;Cedrus deodara;100;1;
1917;Thuja;Thuja;17;3;
1916;Ulivo;Olea europea;22;3;
1915;Thuja;Thuja;19;3;
1914;Cedro dellâ€™Himalaya;Cedrus deodara;42;1;
1913;Thuja;Thuja;13;2;
1911;Thuja;Thuja;21;1;
1912;Ulivo;Olea europea;12(3F);3;
1906;Thuja;Thuja;28;1;
1904;Fotinia;Photina serrulata;27;1;
1909;Pino domestico;Pinus pinea;71;1;
1910;Thuja;Thuja;24;1;
1900;Thuja;Thuja;31;1;
1903;Pino dellâ€™Himalaya;Pinus wallichiana;45;1;
1901;bagolaro;Celtis australis;32;1;
1907;Pino domestico;Pinus pinea;86;1;
1902;carpino nero;Ostrya carpinifolia;24;1;
1905;Thuja;Thuja;27;1;
1908;Tasso;Taxus baccata;29;1;
1899;Bagolaro orientale;Celtis orientalis;20;1;
1898;gelso;Morus alba;18 (2F);1;
1897;Bagolaro orientale;Celtis orientalis;21(3F);1;
1896;gelso;Morus alba;24(3F);1;
1895;gelso;Morus alba;29;1;
1894;Pino dellâ€™Himalaya;Pinus wallichiana;48;1;
1892;Cipresso dellâ€™Himalaya;Cupressus torulosa;26;1;
1893;Pino dellâ€™Himalaya;Pinus wallichiana;59;1;
1891;/;/;86;1;
1889;Bagolaro orientale;Celtis orientalis;36;1;
1890;Pino dellâ€™Himalaya;Pinus wallichiana;19;1;
1886;/;/;29;1;
1885;Fotinia;Photina serrulata;17 (3F);1;
1888;Bagolaro orientale;Celtis orientalis;30;1;
1887;Bagolaro orientale;Celtis orientalis;32;1;
1884;Bagolaro orientale;Celtis orientalis;17;1;
1883;Tasso;Taxus baccata;44;1;
1882;Bagolaro orientale;Celtis orientalis;31;1;
1881;Bagolaro orientale;Celtis orientalis;30;1;
1880;Pino dellâ€™Himalaya;Pinus wallichiana;32;1;
1875;Pino dellâ€™Himalaya;Pinus wallichiana;35;1;
1873;Pino dellâ€™Himalaya;Pinus wallichiana;49;1;
1872;Pino dellâ€™Himalaya;Pinus wallichiana;50;1;
1874;Pino dellâ€™Himalaya;Pinus wallichiana;54;1;
1871;Pino dellâ€™Himalaya;Pinus wallichiana;53;1;
1876;Bagolaro orientale;Celtis orientalis;38;1;
1877;Thuja;Thuja;31;1;
1879;Thuja;Thuja;24;1;
1870;Bagolaro orientale;Celtis orientalis;45;1;
1808;Bagolaro orientale;Celtis orientalis;20;2;
1806;Tiglio;Tilia cordata;26;2;
1878;acero campestre;Acer campestre;18;1;
1869;Bagolaro orientale;Celtis orientalis;46;1;
1920;Olmo;Ulmus minor;15;2;
1921;Pino domestico;Pinus pinea;21;2;
1922;Pino domestico;Pinus pinea;27;2;
1923;Ligustro;Ligustrum lucidum;22;2;
1929;Cedro dellâ€™Himalaya;Cedrus deodara;76;1;
1928;Cipresso dellâ€™Arizona;Cupressus arizonica;15;1;
1927;Pino dellâ€™Himalaya;Pinus excelsa;37;2;
1926;Cipresso dellâ€™Arizona;Cupressus arizonica;27;1;
1924;Cipresso dellâ€™Arizona;Cupressus arizonica;38;1;
1134;prunus;prunus;16(7F);2;
1215;acero campestre;Acer campestre;52;2;
1214;Ontano;Alnus;17;2;Abbattimento
1213;Cipresso dellâ€™Himalaya;Cupressus torulosa;41;2;
1219;bagolaro;Celtis australis;16;2;
1216;Tasso;Taxus baccata;23;3;
1217;Tasso;Taxus baccata;34;3;
1218;Bagolaro orientale;Celtis orientalis;20;3;
1190;Tiglio;Tilia cordata;48;1;
1204;Tiglio;Tilia cordata;27;2;
1198;acero campestre;Acer campestre;27;2;
1195;Gelso cinese;Broussonetia papyrifera;48;1;
1187;Gelso cinese;Broussonetia papyrifera;26;3;
1182;acero campestre;Acer campestre;35;2;
1183;bagolaro;Celtis australis;27;2;
1168;Carpino bianco;carpinus betulus;40;1;
1133;Olmo;Ulmus minor;41;1;
1244;Tiglio;Tilia cordata;70;1;
1235;Tiglio;Tilia cordata;15;3;
1222;Tiglio;Tilia cordata;20;2;
1220;bagolaro;Celtis australis;22;1;
1141;bagolaro;Celtis australis;10 (2F);2;
1212;Platano;platanus;68;1;
1211;Platano;platanus;71;1;
1209;Platano;platanus;24;3;
1208;Platano;platanus;26;2;
1210;farnia;Quercus robur;25;1;
1207;farnia;Quercus robur;36;2;
1206;faggio;Fagus sylvatica;23;2;
1205;carpino nero;Ostrya carpinifolia;69;1;
1203;Tiglio;Tilia cordata;58;1;
1202;carpino nero;Ostrya carpinifolia;39;2;
1201;Bagolaro orientale;Celtis orientalis;21;2;
1200;Tiglio;Tilia cordata;59;1;
1167;Tiglio;Tilia cordata;20;1;
1165;Tiglio;Tilia cordata;34;1;
1163;bagolaro;Celtis australis;46;1;
1161;bagolaro;Celtis australis;48;1;
1160;Carpino bianco;carpinus betulus;23;2;
1152;Tiglio;Tilia cordata;26;2;
1149;bagolaro;Celtis australis;19;2;
1146;Bagolaro orientale;Celtis orientalis;15;2;
1139;bagolaro;Celtis australis;12;2;
1137;bagolaro;Celtis australis;21;1;
1136;Olmo;Ulmus minor;32;1;
1140;Frassino;Fraxinus;13;2;
1145;bagolaro;Celtis australis;15;2;
1144;bagolaro;Celtis australis;21;2;
1151;bagolaro;Celtis australis;22;2;
1155;acero campestre;Acer campestre;44;1;
1158;bagolaro;Celtis australis;16;2;
1169;bagolaro;Celtis australis;15;2;
1170;Bagolaro orientale;Celtis orientalis;17;3;
1171;Noce comune;Juglans regia;27;1;
1181;acero campestre;Acer campestre;41;1;
1180;bagolaro;Celtis australis;15;2;
1179;bagolaro;Celtis australis;14;2;
1176;Carpino bianco;carpinus betulus;42;1;
1186;Tiglio;Tilia cordata;76;1;
1189;acero campestre;Acer campestre;28;2;
1191;Carpino bianco;carpinus betulus;31;2;
1199;Bagolaro orientale;Celtis orientalis;16;2;
1196;Noce nero;Juglans nigra;25;2;
1197;Gelso cinese;Broussonetia papyrifera;22;2;
1194;Gelso cinese;Broussonetia papyrifera;37;1;
1193;Noce comune;Juglans regia;28;1;
1192;Gelso cinese;Broussonetia papyrifera;40;2;
1188;Noce comune;Juglans regia;32;1;
1185;Noce comune;Juglans regia;36;1;
1184;Noce comune;Juglans regia;39;1;
1177;Noce nero;Juglans nigra;29;2;
1173;Noce nero;Juglans nigra;42;1;
1175;Noce nero;Juglans nigra;38;1;
1172;Noce nero;Juglans nigra;38;1;
1164;Noce comune;Juglans regia;36;2;
1154;Loto americano;Diospyros virginiana;28;2;
1153;Loto americano;Diospyros virginiana;17;2;
1142;Noce comune;Juglans regia;29;2;
1135;Noce comune;Juglans regia;41;1;Abbattimento
1132;Noce comune;Juglans regia;25;3;
1143;/;/;22;2;
1150;Bagolaro orientale;Celtis orientalis;22;2;
1166;Tiglio;Tilia cordata;31;1;
1162;carpino nero;Ostrya carpinifolia;44;1;
1159;bagolaro;Celtis australis;13;2;
1157;bagolaro;Celtis australis;16;2;
1156;Carpino bianco;carpinus betulus;33;1;
1148;Tiglio;Tilia cordata;40;1;
1147;bagolaro;Celtis australis;20;2;
1138;acero campestre;Acer campestre;16;2;
1221;Platano;platanus;45;1;
1223;bagolaro;Celtis australis;24;2;
1224;acero campestre;Acer campestre;15;3;
1225;bagolaro;Celtis australis;13;2;
1229;bagolaro;Celtis australis;24;1;
1230;Tiglio;Tilia cordata;23;2;
1238;Carpino bianco;carpinus betulus;40;1;
1239;Tiglio;Tilia cordata;27;2;
1241;Olmo;Ulmus minor;63;1;
1242;Platano;Picea abies;73;1;
1243;carpino nero;Ostrya carpinifolia;25;2;
1240;Carpino bianco;carpinus betulus;36;2;
1236;Carpino bianco;carpinus betulus;43;2;
1237;Carpino bianco;carpinus betulus;46;2;
1233;Carpino bianco;carpinus betulus;37;2;
1234;Frassino;Fraxinus;35;2;
1232;Carpino bianco;carpinus betulus;36;1;
1231;Carpino bianco;carpinus betulus;70;1;
1228;Tiglio;Tilia cordata;15;2;
1227;Tiglio;Tilia cordata;25;2;
1226;Tiglio;Tilia cordata;21;2;
1260;Sophora;Sophora japonica;18;3;
1261;Tiglio;Tilia cordata;68;1;
1283;bagolaro;Celtis australis;36;2;
1378;bagolaro;Celtis australis;20;1;
1390;bagolaro;Celtis australis;13;2;
1360;bagolaro;Celtis australis;24;1;
1347;Olmo;Ulmus minor;19;2;
1348;bagolaro;Celtis australis;12 (2F);2;
1346;Olmo;Ulmus minor;14;2;
1349;Olmo;Ulmus minor;39;1;
1350;Olmo;Ulmus minor;25;1;
1351;Olmo;Ulmus minor;24;1;
1345;Olmo;Ulmus minor;15;2;
1344;Carpino nero;Ostrya carpinifolia;18;2;Abbattimento
1341;Tiglio;Tilia cordata;28;2;
1342;bagolaro;Celtis australis;13;2;
1343;bagolaro;Celtis australis;80;1;
1352;bagolaro;Celtis australis;23;2;
1353;bagolaro;Celtis australis;23;2;
1340;bagolaro;Celtis australis;14;2;
1339;corniolo;Cornus mas;15;3;
1338;bagolaro;Celtis australis;13;1;
1337;bagolaro;Celtis australis;41;1;
1336;Tiglio;Tilia cordata;19;1;
1354;bagolaro;Celtis australis;23;2;
1335;bagolaro;Celtis australis;23;1;
1332;bagolaro;Celtis australis;21;1;
1334;bagolaro;Celtis australis;19;1;
1355;Frassino;Fraxinus;30;1;
1356;Frassino;Fraxinus;36;1;
1361;bagolaro;Celtis australis;24;1;
1357;corniolo;Cornus mas;15;3;
1333;bagolaro;Celtis australis;32;1;
1330;Tiglio;Tilia cordata;12;1;
1331;Tiglio;Tilia cordata;15;1;
1358;Frassino;Fraxinus;15;2;
1327;Tiglio;Tilia cordata;43;1;
1328;Frassino;Fraxinus;25;1;Abbattimento
1329;Frassino;Fraxinus;28;1;Abbattimento
1359;bagolaro;Celtis australis;26;1;
1366;bagolaro;Celtis australis;42;1;
1326;Frassino;Fraxinus;19;1;
1363;Frassino;Fraxinus;19;1;
1364;bagolaro;Celtis australis;20;1;
1362;bagolaro;Celtis australis;18;1;
1325;acero campestre;Acer campestre;27;1;
1324;Bagolaro orientale;Celtis orientalis;21;1;
1365;Frassino;Fraxinus;18;2;
1321;Tiglio;Tilia cordata;26;1;
1322;Frassino;Fraxinus;12;1;
1323;bagolaro;Celtis australis;14;1;
1320;Frassino;Fraxinus;23;1;
1315;bagolaro;Celtis australis;38;1;
1316;Frassino;Fraxinus;15;3;
1317;bagolaro;Celtis australis;18;2;
1318;Tiglio;Tilia cordata;25;2;
1319;Tiglio;Tilia cordata;61;1;
1292;Frassino;Fraxinus;17;3;
1301;Tiglio;Tilia cordata;21;2;
1291;Olmo;Ulmus minor;25;1;
1300;bagolaro;Celtis australis;26;2;
1302;Frassino;Fraxinus;33;2;
1290;bagolaro;Celtis australis;23;2;
1289;bagolaro;Celtis australis;28;2;
1288;corniolo;Cornus mas;15;3;
1303;Frassino;Fraxinus;18 (2F);2;
1280;bagolaro;Celtis australis;30;2;
1279;bagolaro;Celtis australis;28;2;
1278;Tiglio;Tilia cordata;23;2;
1299;Frassino;Fraxinus;24;3;
1298;Tiglio;Tilia cordata;50;1;
1264;bagolaro;Celtis australis;29;2;
1266;bagolaro;Celtis australis;22;2;
1267;bagolaro;Celtis australis;23;2;
1265;bagolaro;Celtis australis;21;2;
1296;Olmo;Ulmus minor;31;1;
1297;Olmo;Ulmus minor;26;1;
1295;Frassino;Fraxinus;17;2;
1294;Tiglio;Tilia cordata;20;2;
1293;bagolaro;Celtis australis;24;1;
1277;Frassino;Fraxinus;12;2;
1276;Sophora;Sophora japonica;16 (2F);2;
1275;acero campestre;Acer campestre;16;2;
1274;acero campestre;Acer campestre;20;2;
1270;acero campestre;Acer campestre;21;2;
1268;acero campestre;Acer campestre;21;2;
1269;Olmo;Ulmus minor;27;2;
1273;acero campestre;Acer campestre;25;2;
1272;acero campestre;Acer campestre;17;2;
1271;acero campestre;Acer campestre;21;2;
1250;Noce nero;Juglans nigra;18;3;
1251;Tasso;Taxus baccata;37;1;
1249;Noce nero;Juglans nigra;16;2;
1248;Bagolaro orientale;Celtis orientalis;15;3;
1246;Bagolaro orientale;Celtis orientalis;15;3;
1252;Bagolaro orientale;Celtis orientalis;20;2;
1253;Sophora;Sophora japonica;20;2;
1245;gelso;Morus nigra;20;3;
1254;Sophora;Sophora japonica;14 (3F);2;
1255;bagolaro;Celtis australis;38;2;
1256;Tiglio;Tilia cordata;13;1;
1257;Leccio;Quercus ilex;15;3;
1259;Tiglio;Tilia cordata;38;2;
1258;bagolaro;Celtis australis;70;1;
1554;Sophora;Sophora japonica;45;1;
1263;Tiglio;Tilia cordata;14;2;
1281;corniolo;Cornus mas;26;3;
1287;bagolaro;Celtis australis;27;2;
1282;Tiglio;Tilia cordata;45;1;
1286;bagolaro;Celtis australis;29;2;
1262;acero campestre;Acer campestre;20;2;
1285;acero campestre;Acer campestre;16;2;
1284;Ippocastano;Aesculus  hippocastanum;45;1;
1304;Frassino;Fraxinus;19;2;
1305;bagolaro;Celtis australis;29;2;
1306;acero campestre;Acer campestre;18;3;
1307;Tiglio;Tilia cordata;20;2;
1308;acero campestre;Acer campestre;15;2;
1309;bagolaro;Celtis australis;21;2;
1368;bagolaro;Celtis australis;24;2;
1311;Tiglio;Tilia cordata;19;2;
1313;Tiglio;Tilia cordata;16;2;
1310;Tiglio;Tilia cordata;25;2;
1312;bagolaro;Celtis australis;29;2;
1314;Tiglio;Tilia cordata;23;2;
1367;bagolaro;Celtis australis;23;1;
1369;bagolaro;Celtis australis;52;1;
1372;Frassino;Fraxinus;13;2;
1370;acero campestre;Acer campestre;30;2;
1371;Tiglio;Tilia cordata;10;2;
1373;Frassino;Fraxinus;14;2;
1374;bagolaro;Celtis australis;11;2;
1376;Olmo;Ulmus minor;28;1;
1377;bagolaro;Celtis australis;17;1;
1375;Tiglio;Tilia cordata;23;2;
1379;bagolaro;Celtis australis;15;2;
1380;Tiglio;Tilia cordata;24;1;
1381;bagolaro;Celtis australis;20;1;
1382;Frassino;Fraxinus;21;1;
1383;acero campestre;Acer campestre;18;2;
1384;acero campestre;Acer campestre;12;2;
1385;bagolaro;Celtis australis;12;2;
1386;bagolaro;Celtis australis;18;1;
1387;Tiglio;Tilia cordata;33;1;
1388;bagolaro;Celtis australis;27;1;
1389;acero campestre;Acer campestre;16;2;
1127;Bagolaro orientale;Celtis orientalis;25;1;
1470;Bagolaro orientale;Celtis orientalis;22;1;
1471;bagolaro;Celtis australis;28;2;
1473;bagolaro;Celtis australis;15;1;
1472;bagolaro;Celtis australis;17;2;
1474;Olmo;Ulmus minor;26;1;
1475;Spino di Giuda;Gleditsia triacanthos;18;1;
1476;bagolaro;Celtis australis;24;1;
1477;bagolaro;Celtis australis;30;1;
1478;bagolaro;Celtis australis;33;1;
1479;bagolaro;Celtis australis;33;1;
1481;bagolaro;Celtis australis;41;1;
1482;Bagolaro orientale;Celtis orientalis;33;1;
1483;bagolaro;Celtis australis;31;1;
1486;Bagolaro orientale;Celtis orientalis;45;1;
1485;bagolaro;Celtis australis;31;1;
1491;Bagolaro orientale;Celtis orientalis;24;1;
1489;Bagolaro orientale;Celtis orientalis;22;1;
1488;bagolaro;Celtis australis;39;1;
1487;Bagolaro orientale;Celtis orientalis;42;1;
1511;bagolaro;Celtis australis;39;1;
1490;Bagolaro orientale;Celtis orientalis;24;1;
1492;Bagolaro;Celtis australis;28;1;
1493;acero campestre;Acer campestre;25;1;
1494;Sophora;Sophora japonica;42;1;
1495;Sophora;Sophora japonica;50;1;
1497;Bagolaro orientale;Celtis orientalis;35;1;
1504;acero campestre;Acer campestre;20;1;
1505;bagolaro;Celtis australis;51;1;
1498;Bagolaro orientale;Celtis orientalis;40;1;
1499;Bagolaro orientale;Celtis orientalis;35;1;
1501;acero campestre;Acer campestre;24;1;
1502;bagolaro;Celtis australis;35;1;
1500;bagolaro;Celtis australis;23;1;
1503;Bagolaro orientale;Celtis orientalis;52;1;
1518;bagolaro;Celtis australis;25;1;
1519;bagolaro;Celtis australis;26;1;
1480;Bagolaro orientale;Celtis orientalis;34;1;
1517;Bagolaro orientale;Celtis orientalis;24;1;
1516;bagolaro;Celtis australis;46;1;
1515;bagolaro;Celtis australis;26;1;
1514;Bagolaro orientale;Celtis orientalis;18;1;
1513;bagolaro;Celtis australis;27;1;
1512;Bagolaro orientale;Celtis orientalis;24;1;
1484;bagolaro;Celtis australis;35;1;
1508;Bagolaro orientale;Celtis orientalis;44;1;
1507;Frassino;Fraxinus;32;1;
1506;noce nero;Juglans nigra;18;1;
1496;Bagolaro orientale;Celtis orientalis;27;1;
1509;Bagolaro orientale;Celtis orientalis;26;1;
1510;Frassino;Fraxinus;24;1;
1520;Bagolaro orientale;Celtis orientalis;30;1;
1521;bagolaro;Celtis australis;21;1;
1522;bagolaro;Celtis australis;38;1;
1537;Frassino;Fraxinus;28;1;
1538;Frassino;Fraxinus;18;2;
1535;Bagolaro orientale;Celtis orientalis;33;1;
1534;Frassino;Fraxinus;42;1;
1533;bagolaro;Celtis australis;12;2;
1523;Frassino;Fraxinus;25;1;Abbattimento
1536;bagolaro;Celtis australis;32;1;
1532;bagolaro;Celtis australis;22;1;
1531;Sophora;Sophora japonica;29;1;
1524;bagolaro;Celtis australis;39;1;
1525;bagolaro;Celtis australis;37;1;
1526;Frassino;Fraxinus;42;1;
1527;Frassino;Fraxinus;26;1;
1529;Frassino;Fraxinus;25;1;
1530;Frassino;Fraxinus;27;1;
1462;Platano;platanus;160;1;
1461;Platano;platanus;170;1;
1460;Platano;platanus;160;1;
1459;Olmo;Ulmus minor;92;1;
1463;acero campestre;Acer campestre;27;1;
1464;Olmo;Ulmus minor;32;1;
1465;Bagolaro orientale;Celtis orientalis;58;1;
1466;Olmo;Ulmus minor;51;1;
1467;Olmo;Ulmus minor;46;1;
1469;bagolaro;Celtis australis;26;1;
1468;Tiglio;Tilia cordata;22;1;
1458;Olmo;Ulmus minor;71;1;
1456;Olmo;Ulmus minor;49;1;
1457;bagolaro;Celtis australis;23;1;
1455;Bagolaro orientale;Celtis orientalis;27;1;
1450;Cedro dellâ€™Himalaya;Cedrus deodara;112;1;
1453;Frassino;Fraxinus;30;1;
1452;Carpino bianco;carpinus betulus;43;1;
1451;bagolaro;Celtis australis;22;1;
1856;bagolaro;Celtis australis;95;1;
1863;bagolaro;Celtis australis;95;1;
1864;Tasso;Taxus baccata;24;1;
1865;Carpino bianco;carpinus betulus;41;1;
1857;bagolaro;Celtis australis;23;1;
1854;carpino nero;Ostrya carpinifolia;32;1;
1853;carpino nero;Ostrya carpinifolia;52;1;
1850;carpino nero;Ostrya carpinifolia;40;1;
1846;Frassino;Fraxinus;24;1;
1845;Bagolaro orientale;Celtis orientalis;43;1;
1842;Bagolaro orientale;Celtis orientalis;31;1;
1841;Ippocastano;Aesculus  hippocastanum;30;1;
1837;Cedro dellâ€™Himalaya;Cedrus deodara;66;1;
1840;robinia;Robinia pseudoacacia;48;1;
1839;Bagolaro orientale;Celtis orientalis;27;1;
1844;Carpino bianco;carpinus betulus;25;1;
1843;Carpino bianco;carpinus betulus;26;1;
1835;Frassino;Fraxinus;30;1;
1836;Bagolaro orientale;Celtis orientalis;27;1;
1847;carpino nero;Ostrya carpinifolia;20;1;
1829;bagolaro;Celtis australis;89;1;
1828;bagolaro;Celtis australis;22;1;
1826;acero campestre;Acer campestre;26;1;
1825;acero campestre;Acer campestre;27;1;
1827;Frassino;Fraxinus;34;1;
1824;Bagolaro orientale;Celtis orientalis;62;1;
1830;Olmo;Ulmus minor;48;1;
1793;Sophora;Sophora japonica;49;1;
1794;Sophora;Sophora japonica;56;1;
1795;carpino nero;Ostrya carpinifolia;25;2;
1796;Bagolaro orientale;Celtis orientalis;55;1;
1799;cipresso;cupressus;30;1;
1801;cipresso;cupressus;83;1;
1802;Bagolaro orientale;Celtis orientalis;15;1;
1800;Bagolaro orientale;Celtis orientalis;35;1;
1803;robinia;Robinia pseudoacacia;46;1;
1804;Bagolaro orientale;Celtis orientalis;21;1;
1834;Bagolaro orientale;Celtis orientalis;53;1;
1833;Olmo;Ulmus minor;31;1;
1832;Olmo;Ulmus minor;45;1;
1426;Bagolaro orientale;Celtis orientalis;38;1;
1805;Bagolaro orientale;Celtis orientalis;16;2;
1862;Ligustro;Ligustrum lucidum;28;1;
1861;Alloro;Laurus nobilis;22;1;
1860;Alloro;Laurus nobilis;16;1;
1858;Olmo;Ulmus minor;35;1;
1859;Carpino bianco;carpinus betulus;18;1;
1855;Frassino;Fraxinus;22;1;
1852;carpino nero;Ostrya carpinifolia;26;1;
1851;Carpino bianco;carpinus betulus;37;1;
1849;carpino nero;Ostrya carpinifolia;32;1;
1439;Carpino bianco;carpinus betulus;80;1;
1414;Carpino bianco;carpinus betulus;85;1;
1413;Carpino bianco;carpinus betulus;38;1;
1412;bagolaro;Celtis australis;31;1;
1411;Carpino bianco;carpinus betulus;41;1;
1431;Bagolaro orientale;Celtis orientalis;14;3;
1410;bagolaro;Celtis australis;20;1;
1409;bagolaro;Celtis australis;22;1;
1408;acero campestre;Acer campestre;42;1;
1407;bagolaro;Celtis australis;76;1;
1406;bagolaro;Celtis australis;18(5F);2;
1404;acero campestre;Acer campestre;12;2;
1405;Olmo;Ulmus minor;23;1;
1403;acero campestre;Acer campestre;13;2;
1402;acero campestre;Acer campestre;18;2;
1401;Bagolaro orientale;Celtis orientalis;22;1;
1392;Frassino;Fraxinus;33;1;
1393;faggio;Fagus sylvatica;11;3;
1391;bagolaro;Celtis australis;48 (2F);1;
1394;Pino dellâ€™Himalaya;Pino wallichiana;59;1;Abbattimento
1395;Pino dellâ€™Himalaya;Pino wallichiana;27;1;
1396;Pino dellâ€™Himalaya;Pino wallichiana;33;1;
1397;Tiglio;Tilia cordata;31;1;
1398;Pino dellâ€™Himalaya;Pino wallichiana;63;1;
1400;Pino dellâ€™Himalaya;Pino wallichiana;35;1;
1415;Frassino;Fraxinus;20;1;
1416;Frassino;Fraxinus;18;1;
1419;acero campestre;Acer campestre;31;1;
1420;Ippocastano;Aesculus  hippocastanum;58;1;
1449;Thuja;Thuja;15;1;
1417;Tiglio;Tilia cordata;79;1;
1399;acero campestre;Acer campestre;12;3;
1418;Cipresso dellâ€™Himalaya;Cupressus torulosa;28;1;
1424;bagolaro;Celtis australis;40;1;
1423;Tiglio;Tilia cordata;23;1;
1422;Carpino bianco;carpinus betulus;49;1;
1421;Carpino bianco;carpinus betulus;34;1;
1440;Tiglio;Tilia cordata;58;1;
1441;Bagolaro orientale;Celtis orientalis;33;1;
1442;acero campestre;Acer campestre;32;1;
1443;acero campestre;Acer campestre;42;1;
1444;Bagolaro orientale;Celtis orientalis;35;1;
1445;acero campestre;Acer campestre;36;1;
1447;bagolaro;Celtis australis;30;1;
1446;bagolaro;Celtis australis;34;1;
1448;Bagolaro orientale;Celtis orientalis;37;1;
1430;Ippocastano;Aesculus  hippocastanum;25;1;
1432;Tiglio;Tilia cordata;12;2;
1427;Frassino;Fraxinus;35;1;
1425;carpino nero;Ostrya carpinifolia;44;1;
1428;Loto americano;Diospyros virginiana;28;1;
1429;bagolaro;Celtis australis;48;1;
1433;acero campestre;Acer campestre;22;1;
1434;acero campestre;Acer campestre;26;1;
1435;Bagolaro orientale;Celtis orientalis;45;1;
1436;Bagolaro orientale;Celtis orientalis;22;1;
1437;Bagolaro orientale;Celtis orientalis;18;1;
1438;Bagolaro orientale;Celtis orientalis;12;1;
1582;bagolaro;Celtis australis;95;1;
1809;Carpino bianco;carpinus betulus;27;1;
1807;bagolaro;Celtis australis;22;1;
1743;Carpino bianco;carpinus betulus;38;1;
1744;Bagolaro orientale;Celtis orientalis;22;1;
1745;Carpino bianco;carpinus betulus;29;1;
1817;Bagolaro orientale;Celtis orientalis;19;1;
1746;Olmo;Ulmus minor;12;2;
1810;Bagolaro orientale;Celtis orientalis;23;2;
1811;Carpino bianco;carpinus betulus;45;1;
1812;acero campestre;Acer campestre;23;2;
1813;Tiglio;Tilia cordata;28;1;
1818;Bagolaro orientale;Celtis orientalis;22;1;
1814;Loto americano;Diospyros virginiana;40;1;
1819;Frassino;Fraxinus;30;1;
1823;bagolaro;Celtis australis;52;1;
1822;Bagolaro orientale;Celtis orientalis;23;1;
1816;Tiglio;Tilia cordata;18;1;
1821;bagolaro;Celtis australis;43;1;
1820;Frassino;Fraxinus;23;1;
1747;carpino nero;Ostrya carpinifolia;32;1;
1753;bagolaro;Celtis australis;43;1;
1752;Olmo;Ulmus minor;18;1;
1749;Carpino bianco;carpinus betulus;20;1;
1748;Sophora;Sophora japonica;51;1;
1750;Tiglio;Tilia cordata;30;1;
1751;bagolaro;Celtis australis;33;1;
1754;Bagolaro orientale;Celtis orientalis;35;1;
1759;Cipresso dellâ€™Himalaya;Cupressus torulosa;68;1;
1755;Bagolaro orientale;Celtis orientalis;25;1;
1756;Bagolaro orientale;Celtis orientalis;19;1;
1757;bagolaro;Celtis orientalis;53;1;
1758;Bagolaro orientale;Celtis orientalis;21;1;
1760;bagolaro;Celtis australis;42;1;
1761;Bagolaro orientale;Celtis orientalis;32;1;
1762;Tiglio;Tilia cordata;37;1;
1763;Olmo;Ulmus minor;33;1;
1769;quercia;Quercus robur;115;1;
1770;robinia;Robinia pseudoacacia;43;1;
1838;Cedro dellâ€™Himalaya;Cedrus deodara;38;1;
1848;Cedro dellâ€™Himalaya;Cedrus deodara;40;1;
1779;carpino nero;Ostrya carpinifolia;27;1;
1781;bagolaro;Celtis australis;43;1;
1780;Frassino;Fraxinus;36;1;
1782;Frassino;Fraxinus;25;1;
1783;Bagolaro orientale;Celtis orientalis;23;1;
1784;Bagolaro orientale;Celtis orientalis;35;1;
1785;bagolaro;Celtis australis;25;1;
1786;Acero americano;acer negundo;37;1;
1789;Frassino;Fraxinus;24;1;
1788;Carpino bianco;carpinus betulus;29;1;
1777;acero campestre;Acer campestre;38;1;
1775;Bagolaro orientale;Celtis orientalis;28;1;
1790;carpino nero;Ostrya carpinifolia;37;1;
1773;carpino nero;Ostrya carpinifolia;19;1;
1772;Bagolaro orientale;Celtis orientalis;47;1;
1771;bagolaro;Celtis australis;21;1;
1774;Bagolaro orientale;Celtis orientalis;32;1;
1791;Bagolaro orientale;Celtis orientalis;16;1;
1768;Bagolaro orientale;Celtis orientalis;28;1;
1767;Frassino;Fraxinus;26;1;
1792;Bagolaro orientale;Celtis orientalis;18;1;
1766;Bagolaro orientale;Celtis orientalis;19;1;
1831;bagolaro;Celtis australis;38;1;
1765;robinia;Robinia pseudoacacia;46;1;
1764;Carpino bianco;carpinus betulus;26;1;
1787;Tiglio;Tilia cordata;33;1;
1689;Bagolaro orientale;Celtis orientalis;54;1;
1659;Bagolaro orientale;Celtis orientalis;46;1;
1690;Bagolaro orientale;Celtis orientalis;40;1;
1698;Tiglio;Tilia cordata;20;1;
1701;Sophora;Sophora japonica;59;1;Abbattimento
1702;Bagolaro orientale;Celtis orientalis;24;1;
1703;Robinia;Robinia pseudoacacia;39;1;Abbattimento
1706;Bagolaro orientale;Celtis orientalis;58;1;
1705;Carpino bianco;carpinus betulus;32;1;
1704;Bagolaro orientale;Celtis orientalis;23;1;
1699;Frassino;Fraxinus;20;1;
1700;acero campestre;Acer campestre;22;2;
1696;Bagolaro orientale;Celtis orientalis;18;1;
1692;Bagolaro orientale;Celtis orientalis;24;1;
1693;Bagolaro orientale;Celtis orientalis;22;1;
1691;Bagolaro orientale;Celtis orientalis;27;1;
1694;Bagolaro orientale;Celtis orientalis;23;1;
1695;Bagolaro orientale;Celtis orientalis;29;1;
1740;carpino nero;Ostrya carpinifolia;51;1;
1707;Bagolaro orientale;Celtis orientalis;30;1;
1708;Bagolaro orientale;Celtis orientalis;32;1;
1709;Bagolaro orientale;Celtis orientalis;18;1;
1710;Bagolaro orientale;Celtis orientalis;16;2;
1711;Bagolaro orientale;Celtis orientalis;24;1;
1712;Bagolaro orientale;Celtis orientalis;20;1;
1713;bagolaro;Celtis australis;42;1;
1717;robinia;Robinia pseudoacacia;58;1;
1716;Frassino;Fraxinus;34;1;
1715;Frassino;Fraxinus;24;1;
1714;Bagolaro orientale;Celtis orientalis;44;1;
1656;Sophora;Sophora japonica;71;1;
1718;Bagolaro orientale;Celtis orientalis;29;1;
1719;carpino nero;Ostrya carpinifolia;28;1;
1720;Bagolaro orientale;Celtis orientalis;36;1;
1721;Frassino;Fraxinus;21;2;
1722;robinia;Robinia pseudoacacia;37;1;
1723;acero campestre;Acer campestre;26;1;
1737;Carpino nero;Ostrya carpinifolia;27;2;Abbattimento
1724;carpino nero;Ostrya carpinifolia;23;1;
1741;bagolaro;Celtis australis;34;1;
1739;Carpino bianco;carpinus betulus;31;1;
1736;Bagolaro orientale;Celtis orientalis;17;2;
1735;Bagolaro orientale;Celtis orientalis;20;2;
1646;Bagolaro orientale;Celtis orientalis;36;1;
1648;Bagolaro orientale;Celtis orientalis;34;2;
1654;robinia;Robinia pseudoacacia;36;1;
1725;Sophora;Sophora japonica;68;1;
1726;bagolaro;Celtis australis;20;2;
1727;Tiglio;Tilia cordata;37;1;
1728;Bagolaro orientale;Celtis orientalis;33;1;
1729;Bagolaro orientale;Celtis orientalis;29;1;
1730;Bagolaro orientale;Celtis orientalis;16;2;
1731;bagolaro;Celtis australis;22;1;
1732;carpino nero;Ostrya carpinifolia;16;3;
1733;Bagolaro orientale;Celtis orientalis;32;1;
1742;Bagolaro orientale;Celtis orientalis;34;1;
1734;bagolaro;Celtis australis;27;1;
1660;carpino nero;Ostrya carpinifolia;20;1;
1662;carpino nero;Ostrya carpinifolia;23;2;
1661;Bagolaro orientale;Celtis orientalis;26;1;
1669;Bagolaro orientale;Celtis orientalis;46;1;
1668;robinia;Robinia pseudoacacia;35;1;
1666;robinia;Robinia pseudoacacia;40;1;
1667;Frassino;Fraxinus;19;1;
1665;robinia;Robinia pseudoacacia;31;1;
1664;Bagolaro orientale;Celtis orientalis;32;1;
1670;Bagolaro orientale;Celtis orientalis;23;1;
1688;Bagolaro orientale;Celtis orientalis;30;1;
1687;Bagolaro orientale;Celtis orientalis;33;1;
1686;Bagolaro orientale;Celtis orientalis;44;1;
1685;Carpino bianco;carpinus betulus;22;2;
1684;Bagolaro orientale;Celtis orientalis;30;1;
1683;Bagolaro orientale;Celtis orientalis;25;1;
1682;Bagolaro orientale;Celtis orientalis;37;1;
1681;Bagolaro orientale;Celtis orientalis;35;1;
1680;Bagolaro orientale;Celtis orientalis;42;1;
1679;Bagolaro orientale;Celtis orientalis;39;1;
1678;Bagolaro orientale;Celtis orientalis;33;1;
1677;Bagolaro orientale;Celtis orientalis;19;2;
1676;Bagolaro orientale;Celtis orientalis;22;1;
1672;Bagolaro orientale;Celtis orientalis;43;1;
1675;Bagolaro orientale;Celtis orientalis;20;1;
1674;robinia;Robinia pseudoacacia;50;1;
1673;Bagolaro orientale;Celtis orientalis;26;1;
1663;Bagolaro orientale;Celtis orientalis;34;1;
1555;bagolaro;Celtis australis;78;1;
1658;carpino nero;Ostrya carpinifolia;41;1;
1657;carpino nero;Ostrya carpinifolia;33;1;
1653;Frassino;Fraxinus;38;1;
1565;Bagolaro orientale;Celtis orientalis;18;2;
1600;Olmo;Ulmus minor;20;2;
1614;Bagolaro orientale;Celtis orientalis;41;1;
1618;Frassino;Fraxinus;27;1;
1623;Sophora;Sophora japonica;62;1;
1624;Frassino;Fraxinus;25;1;
1628;robinia;Robinia pseudoacacia;30;1;
1632;Robinia;Robinia pseudoacacia;43;1;Abbattimento
1645;carpino nero;Ostrya carpinifolia;38;1;
1650;Bagolaro orientale;Celtis orientalis;43;1;
1608;Frassino;Fraxinus;33;1;
1652;Frassino;Fraxinus;26;1;
1651;Bagolaro orientale;Celtis orientalis;57;1;
1655;Bagolaro orientale;Celtis orientalis;53;1;
1649;robinia;Robinia pseudoacacia;19;2;
1647;Bagolaro orientale;Celtis orientalis;32;1;
1644;robinia;Robinia pseudoacacia;24;1;
1639;Tiglio;Tilia cordata;41;1;
1640;Bagolaro orientale;Celtis orientalis;20;1;
1643;robinia;Robinia pseudoacacia;23;1;
1642;Bagolaro orientale;Celtis orientalis;28;1;
1641;robinia;Robinia pseudoacacia;45;1;
1637;bagolaro;Celtis australis;28;1;
1638;Sophora;Sophora japonica;28;1;
1635;Bagolaro orientale;Celtis orientalis;36;1;
1636;bagolaro;Celtis australis;32;1;
1634;Tiglio;Tilia cordata;25;1;
1633;Frassino;Fraxinus;20;1;
1631;Frassino;Fraxinus;33;1;
1630;carpino nero;Ostrya carpinifolia;45;1;
1629;Frassino;Fraxinus;36;1;
1627;Bagolaro orientale;Celtis orientalis;24;1;
1626;Bagolaro orientale;Celtis orientalis;35;1;
1625;Bagolaro orientale;Celtis orientalis;29;1;
1621;Olmo;Ulmus minor;38;1;
1620;Frassino;Fraxinus;17;1;
1619;Frassino;Fraxinus;23;1;
1622;Olmo;Ulmus minor;19;2;
1617;bagolaro;Celtis australis;19;1;
1615;Bagolaro orientale;Celtis orientalis;25;2;
1616;Quercia;Quercus robur;85;1;
1613;Carpino bianco;carpinus betulus;23;1;
1612;Bagolaro orientale;Celtis orientalis;42;1;
1611;Bagolaro orientale;Celtis orientalis;24;2;
1610;Bagolaro orientale;Celtis orientalis;27;1;
1609;Bagolaro orientale;Celtis orientalis;43;1;
1607;Cedro dellâ€™Himalaya;Cedrus deodara;72;1;
1605;bagolaro;Celtis australis;28;1;
1606;Frassino;Fraxinus;29;1;
1604;Frassino;Fraxinus;18;2;
1603;Frassino;Fraxinus;32;1;
1602;Frassino;Fraxinus;19;2;
1598;Bagolaro orientale;Celtis orientalis;31;1;
1599;Olmo;Ulmus minor;41;1;
1597;bagolaro;Celtis australis;25;1;
1596;Bagolaro orientale;Celtis orientalis;37;1;
1595;Bagolaro orientale;Celtis orientalis;30;1;
1594;bagolaro;Celtis australis;39;1;
1593;Olmo;Ulmus minor;20;1;
1592;Olmo;Ulmus minor;26;1;
1591;Olmo;Ulmus minor;27;1;
1590;Olmo;Ulmus minor;23;1;
1589;Bagolaro orientale;Celtis orientalis;47;1;
1588;Bagolaro orientale;Celtis orientalis;37;1;
1587;bagolaro;Celtis australis;29;1;
1586;Bagolaro orientale;Celtis orientalis;18;2;
1585;Bagolaro orientale;Celtis orientalis;18;2;
1583;Bagolaro orientale;Celtis orientalis;17;3;
1584;Bagolaro orientale;Celtis orientalis;22;3;
1580;carpino nero;Ostrya carpinifolia;19;2;
1581;Bagolaro orientale;Celtis orientalis;19;2;
1579;Bagolaro orientale;Celtis orientalis;15;3;
1578;carpino nero;Ostrya carpinifolia;37;1;
1577;robinia;Robinia pseudoacacia;23;1;
1576;carpino nero;Ostrya carpinifolia;41;1;
1575;carpino nero;Ostrya carpinifolia;36;1;
1573;acero campestre;Acer campestre;36;1;
1574;carpino nero;Ostrya carpinifolia;29;1;
1572;bagolaro;Celtis australis;27;1;
1570;Olmo;Ulmus minor;23;2;
1571;Bagolaro orientale;Celtis orientalis;43;1;
1569;Bagolaro orientale;Celtis orientalis;23;2;
1568;Bagolaro orientale;Celtis orientalis;63;1;
1567;Bagolaro orientale;Celtis orientalis;21;2;
1566;Bagolaro orientale;Celtis orientalis;20;2;
1564;Bagolaro orientale;Celtis orientalis;22;2;
1563;Bagolaro orientale;Celtis orientalis;27;1;
1562;Bagolaro orientale;Celtis orientalis;24;1;
1561;Bagolaro orientale;Celtis orientalis;28;1;
1560;Tiglio;Tilia cordata;33;1;
1559;Tiglio;Tilia cordata;28;1;
1558;carpino nero;Ostrya carpinifolia;18;2;
1556;robinia;Robinia pseudoacacia;28;1;
1552;Olmo;Ulmus minor;31;1;
1557;Bagolaro orientale;Celtis orientalis;23;1;
1553;Sophora;Sophora japonica;72;1;
1551;bagolaro;Celtis australis;45;1;
1550;Sophora;Sophora japonica;37;1;
1549;Olmo;Ulmus minor;30;1;
1548;acero campestre;Acer campestre;18;2;
1547;bagolaro;Celtis australis;25;1;
1546;Olmo;Ulmus minor;25;1;
1544;Olmo;Ulmus minor;22;1;
1545;Olmo;Ulmus minor;39;1;
1543;Olmo;Ulmus minor;20;1;
1542;bagolaro;Celtis australis;52;1;
1541;bagolaro;Celtis australis;35;1;
1540;Olmo;Ulmus minor;32;1;
1539;Olmo;Ulmus minor;31;1;
1930;Cedro dellâ€™Himalaya;Cedrus deodara;87;1;
